Workbook

Sheet Página9
A1: IDdoInsumo | B1: Nome do Insumo | C1: Estoque de Segurança | D1: Total de Entradas | E1: Total de Saídas | F1: Estoque Real | G1: Status | H1: UN de Medida | I1: Valor Unit
A2: MCC046UC0164 | B2: APAGADOR P/ QUADRO BRANCO RADEX | C2: 1 | D2: =SUMIFS(E!D:D,E!B:B,A2) -> 2 | E2: =SUMIF(S!G:G,A2,S!D:D) -> 3 | F2: =D2-E2 -> -1 | G2: =IF(F2<=C2, "REPOR ESTOQUE", "OK") -> REPOR ESTOQUE | H2: UN
A3: MCC015UC0038 | B3: BOBINA SHRINK 500MM | C3: 3 | D3: =SUMIFS(E!D:D,E!B:B,A3) -> 54 | E3: =SUMIF(S!G:G,A3,S!D:D) -> 41 | F3: =D3-E3 -> 13 | G3: =IF(F3<=C3, "REPOR ESTOQUE", "OK") -> OK | H3: ROLO
A4: 30000107 | B4: CAIXA 7 | C4: 1000 | D4: =SUMIFS(E!D:D,E!B:B,A4) -> 0 | E4: =SUMIF(S!G:G,A4,S!D:D) -> 0 | F4: =D4-E4 -> 0 | G4: =IF(F4<=C4, "REPOR ESTOQUE", "OK") -> REPOR ESTOQUE | H4: UN
A5: 30000108 | B5: CAIXA 8 | C5: 1000 | D5: =SUMIFS(E!D:D,E!B:B,A5) -> 0 | E5: =SUMIF(S!G:G,A5,S!D:D) -> 0 | F5: =D5-E5 -> 0 | G5: =IF(F5<=C5, "REPOR ESTOQUE", "OK") -> REPOR ESTOQUE | H5: UN
A6: 30000109 | B6: CAIXA EMB PAPELÃO CV 295X255X70 | C6: 1000 | D6: =SUMIFS(E!D:D,E!B:B,A6) -> 0 | E6: =SUMIF(S!G:G,A6,S!D:D) -> 0 | F6: =D6-E6 -> 0 | G6: =IF(F6<=C6, "REPOR ESTOQUE", "OK") -> REPOR ESTOQUE | H6: UN
A7: 30000110 | B7: CAIXA EMB PAPELÃO CV 375X285X70 | C7: 1000 | D7: =SUMIFS(E!D:D,E!B:B,A7) -> 0 | E7: =SUMIF(S!G:G,A7,S!D:D) -> 0 | F7: =D7-E7 -> 0 | G7: =IF(F7<=C7, "REPOR ESTOQUE", "OK") -> REPOR ESTOQUE | H7: UN
A8: 30000101 | B8: CAIXA EMB PAPELÃO TF 285X215X280 | C8: 1000 | D8: =SUMIFS(E!D:D,E!B:B,A8) -> 0 | E8: =SUMIF(S!G:G,A8,S!D:D) -> 0 | F8: =D8-E8 -> 0 | G8: =IF(F8<=C8, "REPOR ESTOQUE", "OK") -> REPOR ESTOQUE | H8: UN
A9: 30000103 | B9: CAIXA EMB PAPELÃO TF 290X280X280 | C9: 1000 | D9: =SUMIFS(E!D:D,E!B:B,A9) -> 0 | E9: =SUMIF(S!G:G,A9,S!D:D) -> 0 | F9: =D9-E9 -> 0 | G9: =IF(F9<=C9, "REPOR ESTOQUE", "OK") -> REPOR ESTOQUE | H9: UN
A10: 30000104 | B10: CAIXA EMB PAPELÃO TF 345X290X280 | C10: 1000 | D10: =SUMIFS(E!D:D,E!B:B,A10) -> 0 | E10: =SUMIF(S!G:G,A10,S!D:D) -> 0 | F10: =D10-E10 -> 0 | G10: =IF(F10<=C10, "REPOR ESTOQUE", "OK") -> REPOR ESTOQUE | H10: UN
A11: 30000102 | B11: CAIXA EMB PAPELÃO TF 290X250X280 | C11: 1000 | D11: =SUMIFS(E!D:D,E!B:B,A11) -> 0 | E11: =SUMIF(S!G:G,A11,S!D:D) -> 0 | F11: =D11-E11 -> 0 | G11: =IF(F11<=C11, "REPOR ESTOQUE", "OK") -> REPOR ESTOQUE | H11: UN
A12: MCC046UC0210 | B12: CALCULADORA MESA 12 DIGITOS ZT 712 ZETA | C12: 1 | D12: =SUMIFS(E!D:D,E!B:B,A12) -> 20 | E12: =SUMIF(S!G:G,A12,S!D:D) -> 18 | F12: =D12-E12 -> 2 | G12: =IF(F12<=C12, "REPOR ESTOQUE", "OK") -> OK | H12: UN
A13: MCC046UC0215 | B13: CANETA ESFEROGRAFICA ECONOMIC AZUL BIC | C13: 15 | D13: =SUMIFS(E!D:D,E!B:B,A13) -> 168 | E13: =SUMIF(S!G:G,A13,S!D:D) -> 188 | F13: =D13-E13 -> -20 | G13: =IF(F13<=C13, "REPOR ESTOQUE", "OK") -> REPOR ESTOQUE | H13: UN
A14: MCC046UC0216 | B14: CANETA ESFEROGRAFICA ECONOMIC PRETA BIC | C14: 15 | D14: =SUMIFS(E!D:D,E!B:B,A14) -> 146 | E14: =SUMIF(S!G:G,A14,S!D:D) -> 57 | F14: =D14-E14 -> 89 | G14: =IF(F14<=C14, "REPOR ESTOQUE", "OK") -> OK | H14: UN
A15: MCC046UC0525 | B15: CANETA PINCEL ATOMICO AZUL PILOT 1100 | C15: 3 | D15: =SUMIFS(E!D:D,E!B:B,A15) -> 25 | E15: =SUMIF(S!G:G,A15,S!D:D) -> 20 | F15: =D15-E15 -> 5 | G15: =IF(F15<=C15, "REPOR ESTOQUE", "OK") -> OK | H15: UN
A16: MCC046UC0526 | B16: CANETA PINCEL ATOMICO PRETA PILOT 1100 | C16: 3 | D16: =SUMIFS(E!D:D,E!B:B,A16) -> 19 | E16: =SUMIF(S!G:G,A16,S!D:D) -> 18 | F16: =D16-E16 -> 1 | G16: =IF(F16<=C16, "REPOR ESTOQUE", "OK") -> REPOR ESTOQUE | H16: UN
A17: MCC046UC0674 | B17: CLIPS 6/0 | C17: 2 | D17: =SUMIFS(E!D:D,E!B:B,A17) -> 8 | E17: =SUMIF(S!G:G,A17,S!D:D) -> 0 | F17: =D17-E17 -> 8 | G17: =IF(F17<=C17, "REPOR ESTOQUE", "OK") -> OK | H17: CAIXA
A18: MCC046UC0052 | B18: CLIPS 8/0 | C18: 2 | D18: =SUMIFS(E!D:D,E!B:B,A18) -> 10 | E18: =SUMIF(S!G:G,A18,S!D:D) -> 0 | F18: =D18-E18 -> 10 | G18: =IF(F18<=C18, "REPOR ESTOQUE", "OK") -> OK | H18: CAIXA
A19: MCC046UC0617 | B19: CLIPS CHAPARRAU 2/0 CX C/100 UN GALV. | C19: 2 | D19: =SUMIFS(E!D:D,E!B:B,A19) -> 17 | E19: =SUMIF(S!G:G,A19,S!D:D) -> 1 | F19: =D19-E19 -> 16 | G19: =IF(F19<=C19, "REPOR ESTOQUE", "OK") -> OK | H19: UN
A20: MCC046UC0315 | B20: ESTILETE 18MM PLASTICO LARGO BRW | C20: 3 | D20: =SUMIFS(E!D:D,E!B:B,A20) -> 0 | E20: =SUMIF(S!G:G,A20,S!D:D) -> 0 | F20: =D20-E20 -> 0 | G20: =IF(F20<=C20, "REPOR ESTOQUE", "OK") -> REPOR ESTOQUE | H20: UN
A21: MCC046UC0660 | B21: ETIQUETA 70MM COORDENACAO | C21: 5 | D21: =SUMIFS(E!D:D,E!B:B,A21) -> 58 | E21: =SUMIF(S!G:G,A21,S!D:D) -> 23 | F21: =D21-E21 -> 35 | G21: =IF(F21<=C21, "REPOR ESTOQUE", "OK") -> OK | H21: ROLO
A22: MCC046UC0659 | B22: ETIQUETA 70MM PROFESSOR | C22: 5 | D22: =SUMIFS(E!D:D,E!B:B,A22) -> 59 | E22: =SUMIF(S!G:G,A22,S!D:D) -> 34 | F22: =D22-E22 -> 25 | G22: =IF(F22<=C22, "REPOR ESTOQUE", "OK") -> OK | H22: ROLO
A23: MCC046UC0599 | B23: ETIQUETA ADESIVA COUCHE AMARELA - 105X150MM SAS | C23: 5 | D23: =SUMIFS(E!D:D,E!B:B,A23) -> 101 | E23: =SUMIF(S!G:G,A23,S!D:D) -> 76 | F23: =D23-E23 -> 25 | G23: =IF(F23<=C23, "REPOR ESTOQUE", "OK") -> OK | H23: ROLO
... A26: MCC046UC0668 | B26: ETIQUETA ADESIVA COUCHE CINZA 100X150X1 | C26: 5 | D26: =SUMIFS(E!D:D,E!B:B,A26) -> 135 | E26: =SUMIF(S!G:G,A26,S!D:D) -> 31 | F26: =D26-E26 -> 104 | G26: =IF(F26<=C26, "REPOR ESTOQUE", "OK") -> OK | H26: ROLO
A27: MCC046UC0658 | B27: ETIQUETA ADESIVA COUCHE LARANJA 100X150X1 | C27: 5 | D27: =SUMIFS(E!D:D,E!B:B,A27) -> 60 | E27: =SUMIF(S!G:G,A27,S!D:D) -> 28 | F27: =D27-E27 -> 32 | G27: =IF(F27<=C27, "REPOR ESTOQUE", "OK") -> OK | H27: ROLO | I27: R$ 91,67
A28: MCC046UC0597 | B28: ETIQUETA ADESIVA COUCHE ROSA - SAS 105X150MM | C28: 5 | D28: =SUMIFS(E!D:D,E!B:B,A28) -> 100 | E28: =SUMIF(S!G:G,A28,S!D:D) -> 36 | F28: =D28-E28 -> 64 | G28: =IF(F28<=C28, "REPOR ESTOQUE", "OK") -> OK | H28: ROLO
A29: MCC049UC0516 | B29: ETIQUETA ADESIVA COUCHE VERDE CLARO - 105X150MM | C29: 5 | D29: =SUMIFS(E!D:D,E!B:B,A29) -> 83 | E29: =SUMIF(S!G:G,A29,S!D:D) -> 13 | F29: =D29-E29 -> 70 | G29: =IF(F29<=C29, "REPOR ESTOQUE", "OK") -> OK | H29: ROLO
A30: MCC015UC0047 | B30: ETIQUETA CORTESIA | C30: 5 | D30: =SUMIFS(E!D:D,E!B:B,A30) -> 27 | E30: =SUMIF(S!G:G,A30,S!D:D) -> 20 | F30: =D30-E30 -> 7 | G30: =IF(F30<=C30, "REPOR ESTOQUE", "OK") -> OK | H30: ROLO
A31: MCC046UC0687 | B31: ETIQUETA COUCHE - 100X100X 1 | C31: 20 | D31: =SUMIFS(E!D:D,E!B:B,A31) -> 484 | E31: =SUMIF(S!G:G,A31,S!D:D) -> 149 | F31: =D31-E31 -> 335 | G31: =IF(F31<=C31, "REPOR ESTOQUE", "OK") -> OK | H31: ROLO
A32: MCC046UC0695 | B32: ETIQUETA COUCHE 98X50X1 | C32: 20 | D32: =SUMIFS(E!D:D,E!B:B,A32) -> 620 | E32: =SUMIF(S!G:G,A32,S!D:D) -> 364 | F32: =D32-E32 -> 256 | G32: =IF(F32<=C32, "REPOR ESTOQUE", "OK") -> OK | H32: ROLO
A33: MCC046UC0679 | B33: EXTRATOR DE GRAMPO | C33: 3 | D33: =SUMIFS(E!D:D,E!B:B,A33) -> 16 | E33: =SUMIF(S!G:G,A33,S!D:D) -> 3 | F33: =D33-E33 -> 13 | G33: =IF(F33<=C33, "REPOR ESTOQUE", "OK") -> OK | H33: UN
A34: MCC015UC0008 | B34: FILME STRETCH 500X25 | C34: 40 | D34: =SUMIFS(E!D:D,E!B:B,A34) -> 1584 | E34: =SUMIF(S!G:G,A34,S!D:D) -> 1742 | F34: =D34-E34 -> -158 | G34: =IF(F34<=C34, "REPOR ESTOQUE", "OK") -> REPOR ESTOQUE | H34: ROLO
A35: MCC015UC0045 | B35: FITA ADESIVA 69MM X 100M | C35: 20 | D35: =SUMIFS(E!D:D,E!B:B,A35) -> 1927 | E35: =SUMIF(S!G:G,A35,S!D:D) -> 1640 | F35: =D35-E35 -> 287 | G35: =IF(F35<=C35, "REPOR ESTOQUE", "OK") -> OK | H35: UN
A36: MCC046UC0360 | B36: FITA ADESIVA DUPLA FACE 12mm X 20m 4910 VHB 3M | C36: 1 | D36: =SUMIFS(E!D:D,E!B:B,A36) -> 3 | E36: =SUMIF(S!G:G,A36,S!D:D) -> 127 | F36: =D36-E36 -> -124 | G36: =IF(F36<=C36, "REPOR ESTOQUE", "OK") -> REPOR ESTOQUE | H36: UN
A37: MCC049UC0600 | B37: FITA ADESIVA P/ CACHORRO PERSONALIZADA | C37: 10 | D37: =SUMIFS(E!D:D,E!B:B,A37) -> 424 | E37: =SUMIF(S!G:G,A37,S!D:D) -> 268 | F37: =D37-E37 -> 156 | G37: =IF(F37<=C37, "REPOR ESTOQUE", "OK") -> OK | H37: UN
A38: MCC015UC0033 | B38: FITA DE ARQUEAR PET VERDE 16MM X 0,8MM C/ 13KG | C38: 3 | D38: =SUMIFS(E!D:D,E!B:B,A38) -> 30 | E38: =SUMIF(S!G:G,A38,S!D:D) -> 26 | F38: =D38-E38 -> 4 | G38: =IF(F38<=C38, "REPOR ESTOQUE", "OK") -> OK | H38: UN
A39: MCC049UC0604 | B39: FITA DE DEMARCAÇÃO AMARELA | C39: 3 | D39: =SUMIFS(E!D:D,E!B:B,A39) -> 15 | E39: =SUMIF(S!G:G,A39,S!D:D) -> 27 | F39: =D39-E39 -> -12 | G39: =IF(F39<=C39, "REPOR ESTOQUE", "OK") -> REPOR ESTOQUE | H39: UN
... A70: MCC046UC0587 | B70: TESOURA USO GERAL 21CM MUNDIAL 160-8N | C70: 2 | D70: =SUMIFS(E!D:D,E!B:B,A70) -> 3 | E70: =SUMIF(S!G:G,A70,S!D:D) -> 4 | F70: =D70-E70 -> -1 | G70: =IF(F70<=C70, "REPOR ESTOQUE", "OK") -> REPOR ESTOQUE | H70: UN

Sheet Insumos
A1: CD | B1: CÓDIGO | C1: ITEM | D1: UNIDADE | E1: LEAD TIME | F1: ESTOQUE MÍNIMO | G1: ESTOQUE REAL | H1: STATUS | I1: CATEGORIA | J1: DIF
A2: FOR | B2: MCC015UC0038 | C2: BOBINA SHRINK 500MM | D2: BOBINA | E2: 2 | F2: 3 | G2: =SUMIF(Entradas!B:B, B2, Entradas!E:E) - SUMIF('Saídas'!C:C, B2, 'Saídas'!E:E) -> 10 | H2: =IF(G2<F2, "CRÍTICO", IF(G2<=F2, "ALERTA", "OK")) -> OK | I2: SHIRINK | J2: =G2-F2 -> 7
A3: FOR | B3: 30000107 | C3: CAIXA 7 | D3: UN | E3: 30 | F3: 3000 | G3: =SUMIF(Entradas!B:B, B3, Entradas!E:E) - SUMIF('Saídas'!C:C, B3, 'Saídas'!E:E) -> 9599 | H3: =IF(G3<F3, "CRÍTICO", IF(G3<=F3, "ALERTA", "OK")) -> OK | I3: CAIXA | J3: =G3-F3 -> 6599
A4: FOR | B4: 30000108 | C4: CAIXA 8 | D4: UN | E4: 30 | F4: 3000 | G4: =SUMIF(Entradas!B:B, B4, Entradas!E:E) - SUMIF('Saídas'!C:C, B4, 'Saídas'!E:E) -> 2500 | H4: =IF(G4<F4, "CRÍTICO", IF(G4<=F4, "ALERTA", "OK")) -> CRÍTICO | I4: CAIXA | J4: =G4-F4 -> -500
A5: FOR | B5: 30000109 | C5: CAIXA EMB PAPELÃO CV 295X255X70 | D5: UN | E5: 30 | F5: 3000 | G5: =SUMIF(Entradas!B:B, B5, Entradas!E:E) - SUMIF('Saídas'!C:C, B5, 'Saídas'!E:E) -> 1200 | H5: =IF(G5<F5, "CRÍTICO", IF(G5<=F5, "ALERTA", "OK")) -> CRÍTICO | I5: CAIXA | J5: =G5-F5 -> -1800
A6: FOR | B6: 30000110 | C6: CAIXA EMB PAPELÃO CV 375X285X70 | D6: UN | E6: 30 | F6: 3000 | G6: =SUMIF(Entradas!B:B, B6, Entradas!E:E) - SUMIF('Saídas'!C:C, B6, 'Saídas'!E:E) -> 45323 | H6: =IF(G6<F6, "CRÍTICO", IF(G6<=F6, "ALERTA", "OK")) -> OK | I6: CAIXA | J6: =G6-F6 -> 42323
A7: FOR | B7: 30000101 | C7: CAIXA EMB PAPELÃO TF 285X215X280 | D7: UN | E7: 30 | F7: 3000 | G7: =SUMIF(Entradas!B:B, B7, Entradas!E:E) - SUMIF('Saídas'!C:C, B7, 'Saídas'!E:E) -> 19500 | H7: =IF(G7<F7, "CRÍTICO", IF(G7<=F7, "ALERTA", "OK")) -> OK | I7: CAIXA | J7: =G7-F7 -> 16500
A8: FOR | B8: 30000103 | C8: CAIXA EMB PAPELÃO TF 290X280X280 | D8: UN | E8: 30 | F8: 3000 | G8: =SUMIF(Entradas!B:B, B8, Entradas!E:E) - SUMIF('Saídas'!C:C, B8, 'Saídas'!E:E) -> 18100 | H8: =IF(G8<F8, "CRÍTICO", IF(G8<=F8, "ALERTA", "OK")) -> OK | I8: CAIXA | J8: =G8-F8 -> 15100
A9: FOR | B9: 30000104 | C9: CAIXA EMB PAPELÃO TF 345X290X280 | D9: UN | E9: 30 | F9: 3000 | G9: =SUMIF(Entradas!B:B, B9, Entradas!E:E) - SUMIF('Saídas'!C:C, B9, 'Saídas'!E:E) -> 8000 | H9: =IF(G9<F9, "CRÍTICO", IF(G9<=F9, "ALERTA", "OK")) -> OK | I9: CAIXA | J9: =G9-F9 -> 5000
A10: FOR | B10: 30000102 | C10: CAIXA EMB PAPELÃO TF 290X250X280 | D10: UN | E10: 30 | F10: 3000 | G10: =SUMIF(Entradas!B:B, B10, Entradas!E:E) - SUMIF('Saídas'!C:C, B10, 'Saídas'!E:E) -> 16200 | H10: =IF(G10<F10, "CRÍTICO", IF(G10<=F10, "ALERTA", "OK")) -> OK | I10: CAIXA | J10: =G10-F10 -> 13200
A11: FOR | B11: MCC046C00003 | C11: ETIQUETA 70MM AVALIACAO | D11: ROLO | E11: 20 | F11: 5 | G11: =SUMIF(Entradas!B:B, B11, Entradas!E:E) - SUMIF('Saídas'!C:C, B11, 'Saídas'!E:E) -> 68 | H11: =IF(G11<F11, "CRÍTICO", IF(G11<=F11, "ALERTA", "OK")) -> OK | I11: ETIQUETA | J11: =G11-F11 -> 63
A12: FOR | B12: MCC046UC0660 | C12: ETIQUETA 70MM COORDENACAO | D12: ROLO | E12: 20 | F12: 10 | G12: =SUMIF(Entradas!B:B, B12, Entradas!E:E) - SUMIF('Saídas'!C:C, B12, 'Saídas'!E:E) -> 35 | H12: =IF(G12<F12, "CRÍTICO", IF(G12<=F12, "ALERTA", "OK")) -> OK | I12: ETIQUETA | J12: =G12-F12 -> 25
A13: FOR | B13: MCC046UC0659 | C13: ETIQUETA 70MM PROFESSOR | D13: ROLO | E13: 20 | F13: 10 | G13: =SUMIF(Entradas!B:B, B13, Entradas!E:E) - SUMIF('Saídas'!C:C, B13, 'Saídas'!E:E) -> 14 | H13: =IF(G13<F13, "CRÍTICO", IF(G13<=F13, "ALERTA", "OK")) -> OK | I13: ETIQUETA | J13: =G13-F13 -> 4
A14: FOR | B14: MCC046UC0599 | C14: ETIQUETA ADESIVA COUCHE AMARELA - 105X150MM SAS | D14: ROLO | E14: 20 | F14: 5 | G14: =SUMIF(Entradas!B:B, B14, Entradas!E:E) - SUMIF('Saídas'!C:C, B14, 'Saídas'!E:E) -> 2 | H14: =IF(G14<F14, "CRÍTICO", IF(G14<=F14, "ALERTA", "OK")) -> CRÍTICO | I14: ETIQUETA | J14: =G14-F14 -> -3
A15: FOR | B15: MCC046UC0598 | C15: ETIQUETA ADESIVA COUCHE AZUL - 105X150MM SAS | D15: ROLO | E15: 20 | F15: 10 | G15: =SUMIF(Entradas!B:B, B15, Entradas!E:E) - SUMIF('Saídas'!C:C, B15, 'Saídas'!E:E) -> 34 | H15: =IF(G15<F15, "CRÍTICO", IF(G15<=F15, "ALERTA", "OK")) -> OK | I15: ETIQUETA | J15: =G15-F15 -> 24
A16: FOR | B16: MCC046UC0596 | C16: ETIQUETA ADESIVA COUCHE BRANCA - 105X150MM SAS | D16: ROLO | E16: 3 | F16: 20 | G16: =SUMIF(Entradas!B:B, B16, Entradas!E:E) - SUMIF('Saídas'!C:C, B16, 'Saídas'!E:E) -> 480 | H16: =IF(G16<F16, "CRÍTICO", IF(G16<=F16, "ALERTA", "OK")) -> OK | I16: ETIQUETA | J16: =G16-F16 -> 460
A17: FOR | B17: MCC046UC0668 | C17: ETIQUETA ADESIVA COUCHE CINZA 100X150X1 | D17: ROLO | E17: 20 | F17: 10 | G17: =SUMIF(Entradas!B:B, B17, Entradas!E:E) - SUMIF('Saídas'!C:C, B17, 'Saídas'!E:E) -> 113 | H17: =IF(G17<F17, "CRÍTICO", IF(G17<=F17, "ALERTA", "OK")) -> OK | I17: ETIQUETA | J17: =G17-F17 -> 103
A18: FOR | B18: MCC046UC0658 | C18: ETIQUETA ADESIVA COUCHE LARANJA 100X150X1 | D18: ROLO | E18: 20 | F18: 10 | G18: =SUMIF(Entradas!B:B, B18, Entradas!E:E) - SUMIF('Saídas'!C:C, B18, 'Saídas'!E:E) -> 53 | H18: =IF(G18<F18, "CRÍTICO", IF(G18<=F18, "ALERTA", "OK")) -> OK | I18: ETIQUETA | J18: =G18-F18 -> 43
A19: FOR | B19: MCC046UC0597 | C19: ETIQUETA ADESIVA COUCHE ROSA - SAS 105X150MM | D19: ROLO | E19: 20 | F19: 10 | G19: =SUMIF(Entradas!B:B, B19, Entradas!E:E) - SUMIF('Saídas'!C:C, B19, 'Saídas'!E:E) -> 54 | H19: =IF(G19<F19, "CRÍTICO", IF(G19<=F19, "ALERTA", "OK")) -> OK | I19: ETIQUETA | J19: =G19-F19 -> 44
A20: FOR | B20: MCC049UC0516 | C20: ETIQUETA ADESIVA COUCHE VERDE CLARO - 105X150MM | D20: ROLO | E20: 20 | F20: 10 | G20: =SUMIF(Entradas!B:B, B20, Entradas!E:E) - SUMIF('Saídas'!C:C, B20, 'Saídas'!E:E) -> 62 | H20: =IF(G20<F20, "CRÍTICO", IF(G20<=F20, "ALERTA", "OK")) -> OK | I20: ETIQUETA | J20: =G20-F20 -> 52
A21: FOR | B21: MCC015UC0047 | C21: ETIQUETA CORTESIA | D21: ROLO | E21: 20 | F21: 20 | G21: =SUMIF(Entradas!B:B, B21, Entradas!E:E) - SUMIF('Saídas'!C:C, B21, 'Saídas'!E:E) -> 50 | H21: =IF(G21<F21, "CRÍTICO", IF(G21<=F21, "ALERTA", "OK")) -> OK | I21: ETIQUETA | J21: =G21-F21 -> 30
A22: FOR | B22: MCC046UC0687 | C22: ETIQUETA COUCHE - 100X100X 1 | D22: ROLO | E22: 3 | F22: 20 | G22: =SUMIF(Entradas!B:B, B22, Entradas!E:E) - SUMIF('Saídas'!C:C, B22, 'Saídas'!E:E) -> 127 | H22: =IF(G22<F22, "CRÍTICO", IF(G22<=F22, "ALERTA", "OK")) -> OK | I22: ETIQUETA | J22: =G22-F22 -> 107
... A39: FOR | B39: EMC015MO0007 | C39: RIBBON CERA PRETO 110MMX74M | D39: ROLO | E39: 3 | F39: 20 | G39: =SUMIF(Entradas!B:B, B39, Entradas!E:E) - SUMIF('Saídas'!C:C, B39, 'Saídas'!E:E) -> 669 | H39: =IF(G39<F39, "CRÍTICO", IF(G39<=F39, "ALERTA", "OK")) -> OK | I39: RIBBON | J39: =G39-F39 -> 649

Sheet PAINEL
A1: DATA | B1: CÓDIGO | C1: DESCRIÇÃO | D1: QUANT | E1: Movimentação | F1: RESPONSÁVEL | G1: ESTOQUE REAL | H1: ESTOQUE DE SEGURANÇA | I1: STATUS | J1: AJUSTADO | K1: SOLICITANTE
A2: =IFERROR(__xludf.DUMMYFUNCTION("VSTACK(filter(S!A2:A2002,S!A2:A2002<>""""),filter(E!A2:A2002,E!A2:A2002<>""""))"),45868.785046296296) -> 45868.785 | B2: =IFERROR(__xludf.DUMMYFUNCTION("VSTACK(filter(S!G2:G2002,S!G2:G2002<>""""),filter(E!B2:B2002,E!B2:B2002<>""""))"),"MCC015UC0045") -> MCC015UC0045 | C2: =IFERROR(__xludf.DUMMYFUNCTION("ARRAYFORMULA( REGEXREPLACE( VSTACK( FILTER(S!C2:C2002,S!C2:C2002<>""""), FILTER(E!C2:C2002,E!C2:C2002<>"""") ), ""^\S+\s+"", """" ) )"),"FITA ADESIVA 69MM X 100M") -> FITA ADESIVA 69MM X 100M | D2: =IFERROR(__xludf.DUMMYFUNCTION("VSTACK(filter(S!D2:D2002,S!D2:D2002<>""""),filter(E!D2:D2002,E!D2:D2002<>""""))"),10.0) -> 10 | E2: =IFERROR(__xludf.DUMMYFUNCTION("VSTACK(filter(S!H2:H2002,S!H2:H2002<>""""),filter(E!F2:F2002,E!F2:F2002<>""""))"),"Saída") -> Saída | F2: =IFERROR(__xludf.DUMMYFUNCTION("VSTACK(filter(S!E2:E2002,S!E2:E2002<>""""))"),"PMM:livro-voador:") -> PMM:livro-voador: | G2: {=XLOOKUP(B2,'Página9'!A:A,'Página9'!F:F,"")} -> 287 | H2: {=XLOOKUP(B2,'Página9'!A:A,'Página9'!C:C,"")} -> 20 | I2: {=XLOOKUP(B2,'Página9'!A:A,'Página9'!G:G,"")} -> OK | J2: =IF(F2=$N$2,"RECEBIMENTO",IF(F2=$N$3,"CIQ",IF(F2=$N$4,"PMM",IF(F2=$N$5,"ESTOQUE",IF(F2=$N$6,"EXPEDIÇÃO",""))))) -> PMM | K2: =IFERROR(__xludf.DUMMYFUNCTION("VSTACK(filter(S!I2:I2002,S!I2:I2002<>""""))"),"Jose Edervanio Lima Mateus") -> Jose Edervanio Lima Mateus | N2: Recebimento:truck:
A3: =IFERROR(__xludf.DUMMYFUNCTION("""COMPUTED_VALUE"""),45868.78525462963) -> 45868.785 | B3: =IFERROR(__xludf.DUMMYFUNCTION("""COMPUTED_VALUE"""),"MCC015UC0045") -> MCC015UC0045 | C3: =IFERROR(__xludf.DUMMYFUNCTION("""COMPUTED_VALUE"""),"FITA ADESIVA 69MM X 100M") -> FITA ADESIVA 69MM X 100M | D3: =IFERROR(__xludf.DUMMYFUNCTION("""COMPUTED_VALUE"""),4.0) -> 4 | E3: =IFERROR(__xludf.DUMMYFUNCTION("""COMPUTED_VALUE"""),"Saída") -> Saída | F3: =IFERROR(__xludf.DUMMYFUNCTION("""COMPUTED_VALUE"""),"Recebimento:truck:") -> Recebimento:truck: | G3: {=XLOOKUP(B3,'Página9'!A:A,'Página9'!F:F,"")} -> 287 | H3: {=XLOOKUP(B3,'Página9'!A:A,'Página9'!C:C,"")} -> 20 | I3: {=XLOOKUP(B3,'Página9'!A:A,'Página9'!G:G,"")} -> OK | J3: =IF(F3=$N$2,"RECEBIMENTO",IF(F3=$N$3,"CIQ",IF(F3=$N$4,"PMM",IF(F3=$N$5,"ESTOQUE",IF(F3=$N$6,"EXPEDIÇÃO",""))))) -> RECEBIMENTO | K3: =IFERROR(__xludf.DUMMYFUNCTION("""COMPUTED_VALUE"""),"Diego Araujo Dias") -> Diego Araujo Dias | N3: CIQ :qualidade:
A4: =IFERROR(__xludf.DUMMYFUNCTION("""COMPUTED_VALUE"""),45869.48354166667) -> 45869.484 | B4: =IFERROR(__xludf.DUMMYFUNCTION("""COMPUTED_VALUE"""),"MCC046UC0639") -> MCC046UC0639 | C4: =IFERROR(__xludf.DUMMYFUNCTION("""COMPUTED_VALUE"""),"PILHA ALCALINA ELGIN PEQ.AA ") -> PILHA ALCALINA ELGIN PEQ.AA | D4: =IFERROR(__xludf.DUMMYFUNCTION("""COMPUTED_VALUE"""),1.0) -> 1 | E4: =IFERROR(__xludf.DUMMYFUNCTION("""COMPUTED_VALUE"""),"Saída") -> Saída | F4: =IFERROR(__xludf.DUMMYFUNCTION("""COMPUTED_VALUE"""),"Recebimento:truck:") -> Recebimento:truck: | G4: {=XLOOKUP(B4,'Página9'!A:A,'Página9'!F:F,"")} -> -5 | H4: {=XLOOKUP(B4,'Página9'!A:A,'Página9'!C:C,"")} -> 4 | I4: {=XLOOKUP(B4,'Página9'!A:A,'Página9'!G:G,"")} -> REPOR ESTOQUE | J4: =IF(F4=$N$2,"RECEBIMENTO",IF(F4=$N$3,"CIQ",IF(F4=$N$4,"PMM",IF(F4=$N$5,"ESTOQUE",IF(F4=$N$6,"EXPEDIÇÃO",""))))) -> RECEBIMENTO | K4: =IFERROR(__xludf.DUMMYFUNCTION("""COMPUTED_VALUE"""),"Raimundo Reurison Belarmino Da Gama") -> Raimundo Reurison Belarmino Da Gama | N4: PMM:livro-voador:
A5: =IFERROR(__xludf.DUMMYFUNCTION("""COMPUTED_VALUE"""),45869.699421296296) -> 45869.699 | B5: =IFERROR(__xludf.DUMMYFUNCTION("""COMPUTED_VALUE"""),"MCC046UC0638") -> MCC046UC0638 | C5: =IFERROR(__xludf.DUMMYFUNCTION("""COMPUTED_VALUE"""),"PILHA ALCALINA ELGIN PALITO AAA ") -> PILHA ALCALINA ELGIN PALITO AAA | D5: =IFERROR(__xludf.DUMMYFUNCTION("""COMPUTED_VALUE"""),1.0) -> 1 | E5: =IFERROR(__xludf.DUMMYFUNCTION("""COMPUTED_VALUE"""),"Saída") -> Saída | F5: =IFERROR(__xludf.DUMMYFUNCTION("""COMPUTED_VALUE"""),"CIQ :qualidade:") -> CIQ :qualidade: | G5: {=XLOOKUP(B5,'Página9'!A:A,'Página9'!F:F,"")} -> 32 | H5: {=XLOOKUP(B5,'Página9'!A:A,'Página9'!C:C,"")} -> 4 | I5: {=XLOOKUP(B5,'Página9'!A:A,'Página9'!G:G,"")} -> OK | J5: =IF(F5=$N$2,"RECEBIMENTO",IF(F5=$N$3,"CIQ",IF(F5=$N$4,"PMM",IF(F5=$N$5,"ESTOQUE",IF(F5=$N$6,"EXPEDIÇÃO",""))))) -> CIQ | K5: =IFERROR(__xludf.DUMMYFUNCTION("""COMPUTED_VALUE"""),"Paulo Henrique Chagas De Oliveira") -> Paulo Henrique Chagas De Oliveira | N5: Estoque:package:
A6: =IFERROR(__xludf.DUMMYFUNCTION("""COMPUTED_VALUE"""),45873.0) -> 45873 | B6: =IFERROR(__xludf.DUMMYFUNCTION("""COMPUTED_VALUE"""),"MCC046UC0082") -> MCC046UC0082 | C6: =IFERROR(__xludf.DUMMYFUNCTION("""COMPUTED_VALUE"""),"PAPEL SULFITE A4 75G 500 FOLHAS") -> PAPEL SULFITE A4 75G 500 FOLHAS | D6: =IFERROR(__xludf.DUMMYFUNCTION("""COMPUTED_VALUE"""),2.0) -> 2 | E6: =IFERROR(__xludf.DUMMYFUNCTION("""COMPUTED_VALUE"""),"Saída") -> Saída | F6: =IFERROR(__xludf.DUMMYFUNCTION("""COMPUTED_VALUE"""),"PMM:livro-voador:") -> PMM:livro-voador: | G6: {=XLOOKUP(B6,'Página9'!A:A,'Página9'!F:F,"")} -> 163 | H6: {=XLOOKUP(B6,'Página9'!A:A,'Página9'!C:C,"")} -> 10 | I6: {=XLOOKUP(B6,'Página9'!A:A,'Página9'!G:G,"")} -> OK | J6: =IF(F6=$N$2,"RECEBIMENTO",IF(F6=$N$3,"CIQ",IF(F6=$N$4,"PMM",IF(F6=$N$5,"ESTOQUE",IF(F6=$N$6,"EXPEDIÇÃO",""))))) -> PMM | K6: =IFERROR(__xludf.DUMMYFUNCTION("""COMPUTED_VALUE"""),"Ana Virginia De Castro Costa") -> Ana Virginia De Castro Costa | N6: Expedição:ex-escolas-exponenciais:
A7: =IFERROR(__xludf.DUMMYFUNCTION("""COMPUTED_VALUE"""),45873.0) -> 45873 | B7: =IFERROR(__xludf.DUMMYFUNCTION("""COMPUTED_VALUE"""),"MCC046UC0398") -> MCC046UC0398 | C7: =IFERROR(__xludf.DUMMYFUNCTION("""COMPUTED_VALUE"""),"GRAMPO 26/6 COBREADO CX.C/5000 BACCHI") -> GRAMPO 26/6 COBREADO CX.C/5000 BACCHI | D7: =IFERROR(__xludf.DUMMYFUNCTION("""COMPUTED_VALUE"""),1.0) -> 1 | E7: =IFERROR(__xludf.DUMMYFUNCTION("""COMPUTED_VALUE"""),"Saída") -> Saída | F7: =IFERROR(__xludf.DUMMYFUNCTION("""COMPUTED_VALUE"""),"Recebimento:truck:") -> Recebimento:truck: | G7: {=XLOOKUP(B7,'Página9'!A:A,'Página9'!F:F,"")} -> -13 | H7: {=XLOOKUP(B7,'Página9'!A:A,'Página9'!C:C,"")} -> 3 | I7: {=XLOOKUP(B7,'Página9'!A:A,'Página9'!G:G,"")} -> REPOR ESTOQUE | J7: =IF(F7=$N$2,"RECEBIMENTO",IF(F7=$N$3,"CIQ",IF(F7=$N$4,"PMM",IF(F7=$N$5,"ESTOQUE",IF(F7=$N$6,"EXPEDIÇÃO",""))))) -> RECEBIMENTO | K7: =IFERROR(__xludf.DUMMYFUNCTION("""COMPUTED_VALUE"""),"Ana Virginia De Castro Costa") -> Ana Virginia De Castro Costa
A8: =IFERROR(__xludf.DUMMYFUNCTION("""COMPUTED_VALUE"""),45875.0) -> 45875 | B8: =IFERROR(__xludf.DUMMYFUNCTION("""COMPUTED_VALUE"""),"MCC049UC0600") -> MCC049UC0600 | C8: =IFERROR(__xludf.DUMMYFUNCTION("""COMPUTED_VALUE"""),"FITA ADESIVA P/ CACHORRO PERSONALIZADA") -> FITA ADESIVA P/ CACHORRO PERSONALIZADA | D8: =IFERROR(__xludf.DUMMYFUNCTION("""COMPUTED_VALUE"""),50.0) -> 50 | E8: =IFERROR(__xludf.DUMMYFUNCTION("""COMPUTED_VALUE"""),"Saída") -> Saída | F8: =IFERROR(__xludf.DUMMYFUNCTION("""COMPUTED_VALUE"""),"Recebimento:truck:") -> Recebimento:truck: | G8: {=XLOOKUP(B8,'Página9'!A:A,'Página9'!F:F,"")} -> 156 | H8: {=XLOOKUP(B8,'Página9'!A:A,'Página9'!C:C,"")} -> 10 | I8: {=XLOOKUP(B8,'Página9'!A:A,'Página9'!G:G,"")} -> OK | J8: =IF(F8=$N$2,"RECEBIMENTO",IF(F8=$N$3,"CIQ",IF(F8=$N$4,"PMM",IF(F8=$N$5,"ESTOQUE",IF(F8=$N$6,"EXPEDIÇÃO",""))))) -> RECEBIMENTO | K8: =IFERROR(__xludf.DUMMYFUNCTION("""COMPUTED_VALUE"""),"Francisco Antonio Pinheiro De Sousa") -> Francisco Antonio Pinheiro De Sousa
A9: =IFERROR(__xludf.DUMMYFUNCTION("""COMPUTED_VALUE"""),45875.0) -> 45875 | B9: =IFERROR(__xludf.DUMMYFUNCTION("""COMPUTED_VALUE"""),"MCC015UC0045") -> MCC015UC0045 | C9: =IFERROR(__xludf.DUMMYFUNCTION("""COMPUTED_VALUE"""),"FITA ADESIVA 69MM X 100M") -> FITA ADESIVA 69MM X 100M | D9: =IFERROR(__xludf.DUMMYFUNCTION("""COMPUTED_VALUE"""),24.0) -> 24 | E9: =IFERROR(__xludf.DUMMYFUNCTION("""COMPUTED_VALUE"""),"Saída") -> Saída | F9: =IFERROR(__xludf.DUMMYFUNCTION("""COMPUTED_VALUE"""),"Recebimento:truck:") -> Recebimento:truck: | G9: {=XLOOKUP(B9,'Página9'!A:A,'Página9'!F:F,"")} -> 287 | H9: {=XLOOKUP(B9,'Página9'!A:A,'Página9'!C:C,"")} -> 20 | I9: {=XLOOKUP(B9,'Página9'!A:A,'Página9'!G:G,"")} -> OK | J9: =IF(F9=$N$2,"RECEBIMENTO",IF(F9=$N$3,"CIQ",IF(F9=$N$4,"PMM",IF(F9=$N$5,"ESTOQUE",IF(F9=$N$6,"EXPEDIÇÃO",""))))) -> RECEBIMENTO | K9: =IFERROR(__xludf.DUMMYFUNCTION("""COMPUTED_VALUE"""),"Francisco Antonio Pinheiro De Sousa") -> Francisco Antonio Pinheiro De Sousa
A10: =IFERROR(__xludf.DUMMYFUNCTION("""COMPUTED_VALUE"""),45875.0) -> 45875 | B10: =IFERROR(__xludf.DUMMYFUNCTION("""COMPUTED_VALUE"""),"MCC046UC0596") -> MCC046UC0596 | C10: =IFERROR(__xludf.DUMMYFUNCTION("""COMPUTED_VALUE"""),"ETIQUETA ADESIVA COUCHE BRANCA - 105X150MM SAS") -> ETIQUETA ADESIVA COUCHE BRANCA - 105X150MM SAS | D10: =IFERROR(__xludf.DUMMYFUNCTION("""COMPUTED_VALUE"""),5.0) -> 5 | E10: =IFERROR(__xludf.DUMMYFUNCTION("""COMPUTED_VALUE"""),"Saída") -> Saída | F10: =IFERROR(__xludf.DUMMYFUNCTION("""COMPUTED_VALUE"""),"Recebimento:truck:") -> Recebimento:truck: | G10: {=XLOOKUP(B10,'Página9'!A:A,'Página9'!F:F,"")} -> 157 | H10: {=XLOOKUP(B10,'Página9'!A:A,'Página9'!C:C,"")} -> 20 | I10: {=XLOOKUP(B10,'Página9'!A:A,'Página9'!G:G,"")} -> OK | J10: =IF(F10=$N$2,"RECEBIMENTO",IF(F10=$N$3,"CIQ",IF(F10=$N$4,"PMM",IF(F10=$N$5,"ESTOQUE",IF(F10=$N$6,"EXPEDIÇÃO",""))))) -> RECEBIMENTO | K10: =IFERROR(__xludf.DUMMYFUNCTION("""COMPUTED_VALUE"""),"Francisco Antonio Pinheiro De Sousa") -> Francisco Antonio Pinheiro De Sousa
A11: =IFERROR(__xludf.DUMMYFUNCTION("""COMPUTED_VALUE"""),45875.0) -> 45875 | B11: =IFERROR(__xludf.DUMMYFUNCTION("""COMPUTED_VALUE"""),"MCC046UC0668") -> MCC046UC0668 | C11: =IFERROR(__xludf.DUMMYFUNCTION("""COMPUTED_VALUE"""),"ETIQUETA ADESIVA COUCHE CINZA 100X150X1") -> ETIQUETA ADESIVA COUCHE CINZA 100X150X1 | D11: =IFERROR(__xludf.DUMMYFUNCTION("""COMPUTED_VALUE"""),3.0) -> 3 | E11: =IFERROR(__xludf.DUMMYFUNCTION("""COMPUTED_VALUE"""),"Saída") -> Saída | F11: =IFERROR(__xludf.DUMMYFUNCTION("""COMPUTED_VALUE"""),"Estoque:package:") -> Estoque:package: | G11: {=XLOOKUP(B11,'Página9'!A:A,'Página9'!F:F,"")} -> 104 | H11: {=XLOOKUP(B11,'Página9'!A:A,'Página9'!C:C,"")} -> 5 | I11: {=XLOOKUP(B11,'Página9'!A:A,'Página9'!G:G,"")} -> OK | J11: =IF(F11=$N$2,"RECEBIMENTO",IF(F11=$N$3,"CIQ",IF(F11=$N$4,"PMM",IF(F11=$N$5,"ESTOQUE",IF(F11=$N$6,"EXPEDIÇÃO",""))))) -> ESTOQUE | K11: =IFERROR(__xludf.DUMMYFUNCTION("""COMPUTED_VALUE"""),"Francisco Antonio Pinheiro De Sousa") -> Francisco Antonio Pinheiro De Sousa
A12: =IFERROR(__xludf.DUMMYFUNCTION("""COMPUTED_VALUE"""),45875.0) -> 45875 | B12: =IFERROR(__xludf.DUMMYFUNCTION("""COMPUTED_VALUE"""),"MCC046UC0598") -> MCC046UC0598 | C12: =IFERROR(__xludf.DUMMYFUNCTION("""COMPUTED_VALUE"""),"ETIQUETA ADESIVA COUCHE AZUL - 105X150MM SAS") -> ETIQUETA ADESIVA COUCHE AZUL - 105X150MM SAS | D12: =IFERROR(__xludf.DUMMYFUNCTION("""COMPUTED_VALUE"""),3.0) -> 3 | E12: =IFERROR(__xludf.DUMMYFUNCTION("""COMPUTED_VALUE"""),"Saída") -> Saída | F12: =IFERROR(__xludf.DUMMYFUNCTION("""COMPUTED_VALUE"""),"Recebimento:truck:") -> Recebimento:truck: | G12: {=XLOOKUP(B12,'Página9'!A:A,'Página9'!F:F,"")} -> 40 | H12: {=XLOOKUP(B12,'Página9'!A:A,'Página9'!C:C,"")} -> 5 | I12: {=XLOOKUP(B12,'Página9'!A:A,'Página9'!G:G,"")} -> OK | J12: =IF(F12=$N$2,"RECEBIMENTO",IF(F12=$N$3,"CIQ",IF(F12=$N$4,"PMM",IF(F12=$N$5,"ESTOQUE",IF(F12=$N$6,"EXPEDIÇÃO",""))))) -> RECEBIMENTO | K12: =IFERROR(__xludf.DUMMYFUNCTION("""COMPUTED_VALUE"""),"Francisco Antonio Pinheiro De Sousa") -> Francisco Antonio Pinheiro De Sousa
A13: =IFERROR(__xludf.DUMMYFUNCTION("""COMPUTED_VALUE"""),45875.0) -> 45875 | B13: =IFERROR(__xludf.DUMMYFUNCTION("""COMPUTED_VALUE"""),"MCC046UC0597") -> MCC046UC0597 | C13: =IFERROR(__xludf.DUMMYFUNCTION("""COMPUTED_VALUE"""),"ETIQUETA ADESIVA COUCHE ROSA - SAS 105X150MM") -> ETIQUETA ADESIVA COUCHE ROSA - SAS 105X150MM | D13: =IFERROR(__xludf.DUMMYFUNCTION("""COMPUTED_VALUE"""),5.0) -> 5 | E13: =IFERROR(__xludf.DUMMYFUNCTION("""COMPUTED_VALUE"""),"Saída") -> Saída | F13: =IFERROR(__xludf.DUMMYFUNCTION("""COMPUTED_VALUE"""),"Estoque:package:") -> Estoque:package: | G13: {=XLOOKUP(B13,'Página9'!A:A,'Página9'!F:F,"")} -> 64 | H13: {=XLOOKUP(B13,'Página9'!A:A,'Página9'!C:C,"")} -> 5 | I13: {=XLOOKUP(B13,'Página9'!A:A,'Página9'!G:G,"")} -> OK | J13: =IF(F13=$N$2,"RECEBIMENTO",IF(F13=$N$3,"CIQ",IF(F13=$N$4,"PMM",IF(F13=$N$5,"ESTOQUE",IF(F13=$N$6,"EXPEDIÇÃO",""))))) -> ESTOQUE | K13: =IFERROR(__xludf.DUMMYFUNCTION("""COMPUTED_VALUE"""),"Francisco Antonio Pinheiro De Sousa") -> Francisco Antonio Pinheiro De Sousa
A14: =IFERROR(__xludf.DUMMYFUNCTION("""COMPUTED_VALUE"""),45875.0) -> 45875 | B14: =IFERROR(__xludf.DUMMYFUNCTION("""COMPUTED_VALUE"""),"MCC046UC0658") -> MCC046UC0658 | C14: =IFERROR(__xludf.DUMMYFUNCTION("""COMPUTED_VALUE"""),"ETIQUETA ADESIVA COUCHE LARANJA 100X150X1") -> ETIQUETA ADESIVA COUCHE LARANJA 100X150X1 | D14: =IFERROR(__xludf.DUMMYFUNCTION("""COMPUTED_VALUE"""),3.0) -> 3 | E14: =IFERROR(__xludf.DUMMYFUNCTION("""COMPUTED_VALUE"""),"Saída") -> Saída | F14: =IFERROR(__xludf.DUMMYFUNCTION("""COMPUTED_VALUE"""),"PMM:livro-voador:") -> PMM:livro-voador: | G14: {=XLOOKUP(B14,'Página9'!A:A,'Página9'!F:F,"")} -> 32 | H14: {=XLOOKUP(B14,'Página9'!A:A,'Página9'!C:C,"")} -> 5 | I14: {=XLOOKUP(B14,'Página9'!A:A,'Página9'!G:G,"")} -> OK | J14: =IF(F14=$N$2,"RECEBIMENTO",IF(F14=$N$3,"CIQ",IF(F14=$N$4,"PMM",IF(F14=$N$5,"ESTOQUE",IF(F14=$N$6,"EXPEDIÇÃO",""))))) -> PMM | K14: =IFERROR(__xludf.DUMMYFUNCTION("""COMPUTED_VALUE"""),"Francisco Antonio Pinheiro De Sousa") -> Francisco Antonio Pinheiro De Sousa
A15: =IFERROR(__xludf.DUMMYFUNCTION("""COMPUTED_VALUE"""),45875.0) -> 45875 | B15: =IFERROR(__xludf.DUMMYFUNCTION("""COMPUTED_VALUE"""),"MCC049UC0516") -> MCC049UC0516 | C15: =IFERROR(__xludf.DUMMYFUNCTION("""COMPUTED_VALUE"""),"ETIQUETA ADESIVA COUCHE VERDE CLARO - 105X150MM") -> ETIQUETA ADESIVA COUCHE VERDE CLARO - 105X150MM | D15: =IFERROR(__xludf.DUMMYFUNCTION("""COMPUTED_VALUE"""),2.0) -> 2 | E15: =IFERROR(__xludf.DUMMYFUNCTION("""COMPUTED_VALUE"""),"Saída") -> Saída | F15: =IFERROR(__xludf.DUMMYFUNCTION("""COMPUTED_VALUE"""),"CIQ :qualidade:") -> CIQ :qualidade: | G15: {=XLOOKUP(B15,'Página9'!A:A,'Página9'!F:F,"")} -> 70 | H15: {=XLOOKUP(B15,'Página9'!A:A,'Página9'!C:C,"")} -> 5 | I15: {=XLOOKUP(B15,'Página9'!A:A,'Página9'!G:G,"")} -> OK | J15: =IF(F15=$N$2,"RECEBIMENTO",IF(F15=$N$3,"CIQ",IF(F15=$N$4,"PMM",IF(F15=$N$5,"ESTOQUE",IF(F15=$N$6,"EXPEDIÇÃO",""))))) -> CIQ | K15: =IFERROR(__xludf.DUMMYFUNCTION("""COMPUTED_VALUE"""),"Francisco Antonio Pinheiro De Sousa") -> Francisco Antonio Pinheiro De Sousa
A16: =IFERROR(__xludf.DUMMYFUNCTION("""COMPUTED_VALUE"""),45875.0) -> 45875 | B16: =IFERROR(__xludf.DUMMYFUNCTION("""COMPUTED_VALUE"""),"MCC015UC0045") -> MCC015UC0045 | C16: =IFERROR(__xludf.DUMMYFUNCTION("""COMPUTED_VALUE"""),"FITA ADESIVA 69MM X 100M") -> FITA ADESIVA 69MM X 100M | D16: =IFERROR(__xludf.DUMMYFUNCTION("""COMPUTED_VALUE"""),10.0) -> 10 | E16: =IFERROR(__xludf.DUMMYFUNCTION("""COMPUTED_VALUE"""),"Saída") -> Saída | F16: =IFERROR(__xludf.DUMMYFUNCTION("""COMPUTED_VALUE"""),"PMM:livro-voador:") -> PMM:livro-voador: | G16: {=XLOOKUP(B16,'Página9'!A:A,'Página9'!F:F,"")} -> 287 | H16: {=XLOOKUP(B16,'Página9'!A:A,'Página9'!C:C,"")} -> 20 | I16: {=XLOOKUP(B16,'Página9'!A:A,'Página9'!G:G,"")} -> OK | J16: =IF(F16=$N$2,"RECEBIMENTO",IF(F16=$N$3,"CIQ",IF(F16=$N$4,"PMM",IF(F16=$N$5,"ESTOQUE",IF(F16=$N$6,"EXPEDIÇÃO",""))))) -> PMM | K16: =IFERROR(__xludf.DUMMYFUNCTION("""COMPUTED_VALUE"""),"Jose Antoniel Silva Mesquita") -> Jose Antoniel Silva Mesquita
A17: =IFERROR(__xludf.DUMMYFUNCTION("""COMPUTED_VALUE"""),45876.0) -> 45876 | B17: =IFERROR(__xludf.DUMMYFUNCTION("""COMPUTED_VALUE"""),"MCC046UC0659") -> MCC046UC0659 | C17: =IFERROR(__xludf.DUMMYFUNCTION("""COMPUTED_VALUE"""),"ETIQUETA 70MM PROFESSOR") -> ETIQUETA 70MM PROFESSOR | D17: =IFERROR(__xludf.DUMMYFUNCTION("""COMPUTED_VALUE"""),5.0) -> 5 | E17: =IFERROR(__xludf.DUMMYFUNCTION("""COMPUTED_VALUE"""),"Saída") -> Saída | F17: =IFERROR(__xludf.DUMMYFUNCTION("""COMPUTED_VALUE"""),"Recebimento:truck:") -> Recebimento:truck: | G17: {=XLOOKUP(B17,'Página9'!A:A,'Página9'!F:F,"")} -> 25 | H17: {=XLOOKUP(B17,'Página9'!A:A,'Página9'!C:C,"")} -> 5 | I17: {=XLOOKUP(B17,'Página9'!A:A,'Página9'!G:G,"")} -> OK | J17: =IF(F17=$N$2,"RECEBIMENTO",IF(F17=$N$3,"CIQ",IF(F17=$N$4,"PMM",IF(F17=$N$5,"ESTOQUE",IF(F17=$N$6,"EXPEDIÇÃO",""))))) -> RECEBIMENTO | K17: =IFERROR(__xludf.DUMMYFUNCTION("""COMPUTED_VALUE"""),"Philipe Araujo Barroso") -> Philipe Araujo Barroso
A18: =IFERROR(__xludf.DUMMYFUNCTION("""COMPUTED_VALUE"""),45876.0) -> 45876 | B18: =IFERROR(__xludf.DUMMYFUNCTION("""COMPUTED_VALUE"""),"MCC046UC0082") -> MCC046UC0082 | C18: =IFERROR(__xludf.DUMMYFUNCTION("""COMPUTED_VALUE"""),"PAPEL SULFITE A4 75G 500 FOLHAS") -> PAPEL SULFITE A4 75G 500 FOLHAS | D18: =IFERROR(__xludf.DUMMYFUNCTION("""COMPUTED_VALUE"""),1.0) -> 1 | E18: =IFERROR(__xludf.DUMMYFUNCTION("""COMPUTED_VALUE"""),"Saída") -> Saída | F18: =IFERROR(__xludf.DUMMYFUNCTION("""COMPUTED_VALUE"""),"Estoque:package:") -> Estoque:package: | G18: {=XLOOKUP(B18,'Página9'!A:A,'Página9'!F:F,"")} -> 163 | H18: {=XLOOKUP(B18,'Página9'!A:A,'Página9'!C:C,"")} -> 10 | I18: {=XLOOKUP(B18,'Página9'!A:A,'Página9'!G:G,"")} -> OK | J18: =IF(F18=$N$2,"RECEBIMENTO",IF(F18=$N$3,"CIQ",IF(F18=$N$4,"PMM",IF(F18=$N$5,"ESTOQUE",IF(F18=$N$6,"EXPEDIÇÃO",""))))) -> ESTOQUE | K18: =IFERROR(__xludf.DUMMYFUNCTION("""COMPUTED_VALUE"""),"Suellen Aguiar Da Silva") -> Suellen Aguiar Da Silva
A19: =IFERROR(__xludf.DUMMYFUNCTION("""COMPUTED_VALUE"""),45876.0) -> 45876 | B19: =IFERROR(__xludf.DUMMYFUNCTION("""COMPUTED_VALUE"""),"MCC046UC0687") -> MCC046UC0687 | C19: =IFERROR(__xludf.DUMMYFUNCTION("""COMPUTED_VALUE"""),"ETIQUETA COUCHE - 100X100X 1") -> ETIQUETA COUCHE - 100X100X 1 | D19: =IFERROR(__xludf.DUMMYFUNCTION("""COMPUTED_VALUE"""),1.0) -> 1 | E19: =IFERROR(__xludf.DUMMYFUNCTION("""COMPUTED_VALUE"""),"Saída") -> Saída | F19: =IFERROR(__xludf.DUMMYFUNCTION("""COMPUTED_VALUE"""),"Estoque:package:") -> Estoque:package: | G19: {=XLOOKUP(B19,'Página9'!A:A,'Página9'!F:F,"")} -> 335 | H19: {=XLOOKUP(B19,'Página9'!A:A,'Página9'!C:C,"")} -> 20 | I19: {=XLOOKUP(B19,'Página9'!A:A,'Página9'!G:G,"")} -> OK | J19: =IF(F19=$N$2,"RECEBIMENTO",IF(F19=$N$3,"CIQ",IF(F19=$N$4,"PMM",IF(F19=$N$5,"ESTOQUE",IF(F19=$N$6,"EXPEDIÇÃO",""))))) -> ESTOQUE | K19: =IFERROR(__xludf.DUMMYFUNCTION("""COMPUTED_VALUE"""),"Suellen Aguiar Da Silva") -> Suellen Aguiar Da Silva
A20: =IFERROR(__xludf.DUMMYFUNCTION("""COMPUTED_VALUE"""),45876.0) -> 45876 | B20: =IFERROR(__xludf.DUMMYFUNCTION("""COMPUTED_VALUE"""),"MCC015UC0008") -> MCC015UC0008 | C20: =IFERROR(__xludf.DUMMYFUNCTION("""COMPUTED_VALUE"""),"FILME STRETCH 500X25") -> FILME STRETCH 500X25 | D20: =IFERROR(__xludf.DUMMYFUNCTION("""COMPUTED_VALUE"""),3.0) -> 3 | E20: =IFERROR(__xludf.DUMMYFUNCTION("""COMPUTED_VALUE"""),"Saída") -> Saída | F20: =IFERROR(__xludf.DUMMYFUNCTION("""COMPUTED_VALUE"""),"Estoque:package:") -> Estoque:package: | G20: {=XLOOKUP(B20,'Página9'!A:A,'Página9'!F:F,"")} -> -158 | H20: {=XLOOKUP(B20,'Página9'!A:A,'Página9'!C:C,"")} -> 40 | I20: {=XLOOKUP(B20,'Página9'!A:A,'Página9'!G:G,"")} -> REPOR ESTOQUE | J20: =IF(F20=$N$2,"RECEBIMENTO",IF(F20=$N$3,"CIQ",IF(F20=$N$4,"PMM",IF(F20=$N$5,"ESTOQUE",IF(F20=$N$6,"EXPEDIÇÃO",""))))) -> ESTOQUE | K20: =IFERROR(__xludf.DUMMYFUNCTION("""COMPUTED_VALUE"""),"Francisco Samuel Trindade Nascimento") -> Francisco Samuel Trindade Nascimento
A21: =IFERROR(__xludf.DUMMYFUNCTION("""COMPUTED_VALUE"""),45877.0) -> 45877 | B21: =IFERROR(__xludf.DUMMYFUNCTION("""COMPUTED_VALUE"""),"MCC046UC0387") -> MCC046UC0387 | C21: =IFERROR(__xludf.DUMMYFUNCTION("""COMPUTED_VALUE"""),"GRAMPEADOR PLUS LINE CIS PRETO 26/6 P/20") -> GRAMPEADOR PLUS LINE CIS PRETO 26/6 P/20 | D21: =IFERROR(__xludf.DUMMYFUNCTION("""COMPUTED_VALUE"""),1.0) -> 1 | E21: =IFERROR(__xludf.DUMMYFUNCTION("""COMPUTED_VALUE"""),"Saída") -> Saída | F21: =IFERROR(__xludf.DUMMYFUNCTION("""COMPUTED_VALUE"""),"Estoque:package:") -> Estoque:package: | G21: {=XLOOKUP(B21,'Página9'!A:A,'Página9'!F:F,"")} -> 0 | H21: {=XLOOKUP(B21,'Página9'!A:A,'Página9'!C:C,"")} -> 1 | I21: {=XLOOKUP(B21,'Página9'!A:A,'Página9'!G:G,"")} -> REPOR ESTOQUE | J21: =IF(F21=$N$2,"RECEBIMENTO",IF(F21=$N$3,"CIQ",IF(F21=$N$4,"PMM",IF(F21=$N$5,"ESTOQUE",IF(F21=$N$6,"EXPEDIÇÃO",""))))) -> ESTOQUE | K21: =IFERROR(__xludf.DUMMYFUNCTION("""COMPUTED_VALUE"""),"Suellen Aguiar Da Silva") -> Suellen Aguiar Da Silva
A22: =IFERROR(__xludf.DUMMYFUNCTION("""COMPUTED_VALUE"""),45877.0) -> 45877 | B22: =IFERROR(__xludf.DUMMYFUNCTION("""COMPUTED_VALUE"""),"MCC046UC0526") -> MCC046UC0526 | C22: =IFERROR(__xludf.DUMMYFUNCTION("""COMPUTED_VALUE"""),"CANETA PINCEL ATOMICO PRETA PILOT 1100") -> CANETA PINCEL ATOMICO PRETA PILOT 1100 | D22: =IFERROR(__xludf.DUMMYFUNCTION("""COMPUTED_VALUE"""),1.0) -> 1 | E22: =IFERROR(__xludf.DUMMYFUNCTION("""COMPUTED_VALUE"""),"Saída") -> Saída | F22: =IFERROR(__xludf.DUMMYFUNCTION("""COMPUTED_VALUE"""),"Estoque:package:") -> Estoque:package: | G22: {=XLOOKUP(B22,'Página9'!A:A,'Página9'!F:F,"")} -> 1 | H22: {=XLOOKUP(B22,'Página9'!A:A,'Página9'!C:C,"")} -> 3 | I22: {=XLOOKUP(B22,'Página9'!A:A,'Página9'!G:G,"")} -> REPOR ESTOQUE | J22: =IF(F22=$N$2,"RECEBIMENTO",IF(F22=$N$3,"CIQ",IF(F22=$N$4,"PMM",IF(F22=$N$5,"ESTOQUE",IF(F22=$N$6,"EXPEDIÇÃO",""))))) -> ESTOQUE | K22: =IFERROR(__xludf.DUMMYFUNCTION("""COMPUTED_VALUE"""),"Diego Araujo Dias") -> Diego Araujo Dias
A23: =IFERROR(__xludf.DUMMYFUNCTION("""COMPUTED_VALUE"""),45877.0) -> 45877 | B23: =IFERROR(__xludf.DUMMYFUNCTION("""COMPUTED_VALUE"""),"MCC046UC0082") -> MCC046UC0082 | C23: =IFERROR(__xludf.DUMMYFUNCTION("""COMPUTED_VALUE"""),"PAPEL SULFITE A4 75G 500 FOLHAS") -> PAPEL SULFITE A4 75G 500 FOLHAS | D23: =IFERROR(__xludf.DUMMYFUNCTION("""COMPUTED_VALUE"""),1.0) -> 1 | E23: =IFERROR(__xludf.DUMMYFUNCTION("""COMPUTED_VALUE"""),"Saída") -> Saída | F23: =IFERROR(__xludf.DUMMYFUNCTION("""COMPUTED_VALUE"""),"PMM:livro-voador:") -> PMM:livro-voador: | G23: {=XLOOKUP(B23,'Página9'!A:A,'Página9'!F:F,"")} -> 163 | H23: {=XLOOKUP(B23,'Página9'!A:A,'Página9'!C:C,"")} -> 10 | I23: {=XLOOKUP(B23,'Página9'!A:A,'Página9'!G:G,"")} -> OK | J23: =IF(F23=$N$2,"RECEBIMENTO",IF(F23=$N$3,"CIQ",IF(F23=$N$4,"PMM",IF(F23=$N$5,"ESTOQUE",IF(F23=$N$6,"EXPEDIÇÃO",""))))) -> PMM | K23: =IFERROR(__xludf.DUMMYFUNCTION("""COMPUTED_VALUE"""),"Diego Araujo Dias") -> Diego Araujo Dias
A24: =IFERROR(__xludf.DUMMYFUNCTION("""COMPUTED_VALUE"""),45877.0) -> 45877 | B24: =IFERROR(__xludf.DUMMYFUNCTION("""COMPUTED_VALUE"""),"MCC046UC0599") -> MCC046UC0599 | C24: =IFERROR(__xludf.DUMMYFUNCTION("""COMPUTED_VALUE"""),"ETIQUETA ADESIVA COUCHE AMARELA - 105X150MM SAS") -> ETIQUETA ADESIVA COUCHE AMARELA - 105X150MM SAS | D24: =IFERROR(__xludf.DUMMYFUNCTION("""COMPUTED_VALUE"""),3.0) -> 3 | E24: =IFERROR(__xludf.DUMMYFUNCTION("""COMPUTED_VALUE"""),"Saída") -> Saída | F24: =IFERROR(__xludf.DUMMYFUNCTION("""COMPUTED_VALUE"""),"Recebimento:truck:") -> Recebimento:truck: | G24: {=XLOOKUP(B24,'Página9'!A:A,'Página9'!F:F,"")} -> 25 | H24: {=XLOOKUP(B24,'Página9'!A:A,'Página9'!C:C,"")} -> 5 | I24: {=XLOOKUP(B24,'Página9'!A:A,'Página9'!G:G,"")} -> OK | J24: =IF(F24=$N$2,"RECEBIMENTO",IF(F24=$N$3,"CIQ",IF(F24=$N$4,"PMM",IF(F24=$N$5,"ESTOQUE",IF(F24=$N$6,"EXPEDIÇÃO",""))))) -> RECEBIMENTO | K24: =IFERROR(__xludf.DUMMYFUNCTION("""COMPUTED_VALUE"""),"Philipe Araujo Barroso") -> Philipe Araujo Barroso
A25: =IFERROR(__xludf.DUMMYFUNCTION("""COMPUTED_VALUE"""),45877.0) -> 45877 | B25: =IFERROR(__xludf.DUMMYFUNCTION("""COMPUTED_VALUE"""),"MCC046UC0215") -> MCC046UC0215 | C25: =IFERROR(__xludf.DUMMYFUNCTION("""COMPUTED_VALUE"""),"CANETA ESFEROGRAFICA ECONOMIC AZUL BIC") -> CANETA ESFEROGRAFICA ECONOMIC AZUL BIC | D25: =IFERROR(__xludf.DUMMYFUNCTION("""COMPUTED_VALUE"""),15.0) -> 15 | E25: =IFERROR(__xludf.DUMMYFUNCTION("""COMPUTED_VALUE"""),"Saída") -> Saída | F25: =IFERROR(__xludf.DUMMYFUNCTION("""COMPUTED_VALUE"""),"Recebimento:truck:") -> Recebimento:truck: | G25: {=XLOOKUP(B25,'Página9'!A:A,'Página9'!F:F,"")} -> -20 | H25: {=XLOOKUP(B25,'Página9'!A:A,'Página9'!C:C,"")} -> 15 | I25: {=XLOOKUP(B25,'Página9'!A:A,'Página9'!G:G,"")} -> REPOR ESTOQUE | J25: =IF(F25=$N$2,"RECEBIMENTO",IF(F25=$N$3,"CIQ",IF(F25=$N$4,"PMM",IF(F25=$N$5,"ESTOQUE",IF(F25=$N$6,"EXPEDIÇÃO",""))))) -> RECEBIMENTO | K25: =IFERROR(__xludf.DUMMYFUNCTION("""COMPUTED_VALUE"""),"Jose Edervanio Lima Mateus") -> Jose Edervanio Lima Mateus
A26: =IFERROR(__xludf.DUMMYFUNCTION("""COMPUTED_VALUE"""),45880.0) -> 45880 | B26: =IFERROR(__xludf.DUMMYFUNCTION("""COMPUTED_VALUE"""),"MCC046UC0082") -> MCC046UC0082 | C26: =IFERROR(__xludf.DUMMYFUNCTION("""COMPUTED_VALUE"""),"PAPEL SULFITE A4 75G 500 FOLHAS") -> PAPEL SULFITE A4 75G 500 FOLHAS | D26: =IFERROR(__xludf.DUMMYFUNCTION("""COMPUTED_VALUE"""),10.0) -> 10 | E26: =IFERROR(__xludf.DUMMYFUNCTION("""COMPUTED_VALUE"""),"Saída") -> Saída | F26: =IFERROR(__xludf.DUMMYFUNCTION("""COMPUTED_VALUE"""),"Recebimento:truck:") -> Recebimento:truck: | G26: {=XLOOKUP(B26,'Página9'!A:A,'Página9'!F:F,"")} -> 163 | H26: {=XLOOKUP(B26,'Página9'!A:A,'Página9'!C:C,"")} -> 10 | I26: {=XLOOKUP(B26,'Página9'!A:A,'Página9'!G:G,"")} -> OK | J26: =IF(F26=$N$2,"RECEBIMENTO",IF(F26=$N$3,"CIQ",IF(F26=$N$4,"PMM",IF(F26=$N$5,"ESTOQUE",IF(F26=$N$6,"EXPEDIÇÃO",""))))) -> RECEBIMENTO | K26: =IFERROR(__xludf.DUMMYFUNCTION("""COMPUTED_VALUE"""),"Rubens Ribeiro Lisboa") -> Rubens Ribeiro Lisboa
A27: =IFERROR(__xludf.DUMMYFUNCTION("""COMPUTED_VALUE"""),45880.0) -> 45880 | B27: =IFERROR(__xludf.DUMMYFUNCTION("""COMPUTED_VALUE"""),"EMC015MO0001") -> EMC015MO0001 | C27: =IFERROR(__xludf.DUMMYFUNCTION("""COMPUTED_VALUE"""),"RIBBON CERA PRETO 110MMX300M") -> RIBBON CERA PRETO 110MMX300M | D27: =IFERROR(__xludf.DUMMYFUNCTION("""COMPUTED_VALUE"""),24.0) -> 24 | E27: =IFERROR(__xludf.DUMMYFUNCTION("""COMPUTED_VALUE"""),"Saída") -> Saída | F27: =IFERROR(__xludf.DUMMYFUNCTION("""COMPUTED_VALUE"""),"Recebimento:truck:") -> Recebimento:truck: | G27: {=XLOOKUP(B27,'Página9'!A:A,'Página9'!F:F,"")} -> 390 | H27: {=XLOOKUP(B27,'Página9'!A:A,'Página9'!C:C,"")} -> 5 | I27: {=XLOOKUP(B27,'Página9'!A:A,'Página9'!G:G,"")} -> OK | J27: =IF(F27=$N$2,"RECEBIMENTO",IF(F27=$N$3,"CIQ",IF(F27=$N$4,"PMM",IF(F27=$N$5,"ESTOQUE",IF(F27=$N$6,"EXPEDIÇÃO",""))))) -> RECEBIMENTO | K27: =IFERROR(__xludf.DUMMYFUNCTION("""COMPUTED_VALUE"""),"Rubens Ribeiro Lisboa") -> Rubens Ribeiro Lisboa
A28: =IFERROR(__xludf.DUMMYFUNCTION("""COMPUTED_VALUE"""),45880.0) -> 45880 | B28: =IFERROR(__xludf.DUMMYFUNCTION("""COMPUTED_VALUE"""),"MCC015UC0038") -> MCC015UC0038 | C28: =IFERROR(__xludf.DUMMYFUNCTION("""COMPUTED_VALUE"""),"BOBINA SHRINK 500MM") -> BOBINA SHRINK 500MM | D28: =IFERROR(__xludf.DUMMYFUNCTION("""COMPUTED_VALUE"""),1.0) -> 1 | E28: =IFERROR(__xludf.DUMMYFUNCTION("""COMPUTED_VALUE"""),"Saída") -> Saída | F28: =IFERROR(__xludf.DUMMYFUNCTION("""COMPUTED_VALUE"""),"Recebimento:truck:") -> Recebimento:truck: | G28: {=XLOOKUP(B28,'Página9'!A:A,'Página9'!F:F,"")} -> 13 | H28: {=XLOOKUP(B28,'Página9'!A:A,'Página9'!C:C,"")} -> 3 | I28: {=XLOOKUP(B28,'Página9'!A:A,'Página9'!G:G,"")} -> OK | J28: =IF(F28=$N$2,"RECEBIMENTO",IF(F28=$N$3,"CIQ",IF(F28=$N$4,"PMM",IF(F28=$N$5,"ESTOQUE",IF(F28=$N$6,"EXPEDIÇÃO",""))))) -> RECEBIMENTO | K28: =IFERROR(__xludf.DUMMYFUNCTION("""COMPUTED_VALUE"""),"Rubens Ribeiro Lisboa") -> Rubens Ribeiro Lisboa
A29: =IFERROR(__xludf.DUMMYFUNCTION("""COMPUTED_VALUE"""),45880.0) -> 45880 | B29: =IFERROR(__xludf.DUMMYFUNCTION("""COMPUTED_VALUE"""),"MCC046UC0215") -> MCC046UC0215 | C29: =IFERROR(__xludf.DUMMYFUNCTION("""COMPUTED_VALUE"""),"CANETA ESFEROGRAFICA ECONOMIC AZUL BIC") -> CANETA ESFEROGRAFICA ECONOMIC AZUL BIC | D29: =IFERROR(__xludf.DUMMYFUNCTION("""COMPUTED_VALUE"""),3.0) -> 3 | E29: =IFERROR(__xludf.DUMMYFUNCTION("""COMPUTED_VALUE"""),"Saída") -> Saída | F29: =IFERROR(__xludf.DUMMYFUNCTION("""COMPUTED_VALUE"""),"Recebimento:truck:") -> Recebimento:truck: | G29: {=XLOOKUP(B29,'Página9'!A:A,'Página9'!F:F,"")} -> -20 | H29: {=XLOOKUP(B29,'Página9'!A:A,'Página9'!C:C,"")} -> 15 | I29: {=XLOOKUP(B29,'Página9'!A:A,'Página9'!G:G,"")} -> REPOR ESTOQUE | J29: =IF(F29=$N$2,"RECEBIMENTO",IF(F29=$N$3,"CIQ",IF(F29=$N$4,"PMM",IF(F29=$N$5,"ESTOQUE",IF(F29=$N$6,"EXPEDIÇÃO",""))))) -> RECEBIMENTO | K29: =IFERROR(__xludf.DUMMYFUNCTION("""COMPUTED_VALUE"""),"Philipe Araujo Barroso") -> Philipe Araujo Barroso
A30: =IFERROR(__xludf.DUMMYFUNCTION("""COMPUTED_VALUE"""),45881.0) -> 45881 | B30: =IFERROR(__xludf.DUMMYFUNCTION("""COMPUTED_VALUE"""),"MCC015UC0045") -> MCC015UC0045 | C30: =IFERROR(__xludf.DUMMYFUNCTION("""COMPUTED_VALUE"""),"FITA ADESIVA 69MM X 100M") -> FITA ADESIVA 69MM X 100M | D30: =IFERROR(__xludf.DUMMYFUNCTION("""COMPUTED_VALUE"""),1.0) -> 1 | E30: =IFERROR(__xludf.DUMMYFUNCTION("""COMPUTED_VALUE"""),"Saída") -> Saída | F30: =IFERROR(__xludf.DUMMYFUNCTION("""COMPUTED_VALUE"""),"Recebimento:truck:") -> Recebimento:truck: | G30: {=XLOOKUP(B30,'Página9'!A:A,'Página9'!F:F,"")} -> 287 | H30: {=XLOOKUP(B30,'Página9'!A:A,'Página9'!C:C,"")} -> 20 | I30: {=XLOOKUP(B30,'Página9'!A:A,'Página9'!G:G,"")} -> OK | J30: =IF(F30=$N$2,"RECEBIMENTO",IF(F30=$N$3,"CIQ",IF(F30=$N$4,"PMM",IF(F30=$N$5,"ESTOQUE",IF(F30=$N$6,"EXPEDIÇÃO",""))))) -> RECEBIMENTO | K30: =IFERROR(__xludf.DUMMYFUNCTION("""COMPUTED_VALUE"""),"Paulo Henrique Chagas De Oliveira") -> Paulo Henrique Chagas De Oliveira
A31: =IFERROR(__xludf.DUMMYFUNCTION("""COMPUTED_VALUE"""),45881.0) -> 45881 | B31: =IFERROR(__xludf.DUMMYFUNCTION("""COMPUTED_VALUE"""),"MCC046UC0687") -> MCC046UC0687 | C31: =IFERROR(__xludf.DUMMYFUNCTION("""COMPUTED_VALUE"""),"ETIQUETA COUCHE - 100X100X 1") -> ETIQUETA COUCHE - 100X100X 1 | D31: =IFERROR(__xludf.DUMMYFUNCTION("""COMPUTED_VALUE"""),3.0) -> 3 | E31: =IFERROR(__xludf.DUMMYFUNCTION("""COMPUTED_VALUE"""),"Saída") -> Saída | F31: =IFERROR(__xludf.DUMMYFUNCTION("""COMPUTED_VALUE"""),"Recebimento:truck:") -> Recebimento:truck: | G31: {=XLOOKUP(B31,'Página9'!A:A,'Página9'!F:F,"")} -> 335 | H31: {=XLOOKUP(B31,'Página9'!A:A,'Página9'!C:C,"")} -> 20 | I31: {=XLOOKUP(B31,'Página9'!A:A,'Página9'!G:G,"")} -> OK | J31: =IF(F31=$N$2,"RECEBIMENTO",IF(F31=$N$3,"CIQ",IF(F31=$N$4,"PMM",IF(F31=$N$5,"ESTOQUE",IF(F31=$N$6,"EXPEDIÇÃO",""))))) -> RECEBIMENTO | K31: =IFERROR(__xludf.DUMMYFUNCTION("""COMPUTED_VALUE"""),"Paulo Henrique Chagas De Oliveira") -> Paulo Henrique Chagas De Oliveira
A32: =IFERROR(__xludf.DUMMYFUNCTION("""COMPUTED_VALUE"""),45881.0) -> 45881 | B32: =IFERROR(__xludf.DUMMYFUNCTION("""COMPUTED_VALUE"""),"MCC015UC0008") -> MCC015UC0008 | C32: =IFERROR(__xludf.DUMMYFUNCTION("""COMPUTED_VALUE"""),"FILME STRETCH 500X25") -> FILME STRETCH 500X25 | D32: =IFERROR(__xludf.DUMMYFUNCTION("""COMPUTED_VALUE"""),3.0) -> 3 | E32: =IFERROR(__xludf.DUMMYFUNCTION("""COMPUTED_VALUE"""),"Saída") -> Saída | F32: =IFERROR(__xludf.DUMMYFUNCTION("""COMPUTED_VALUE"""),"CIQ :qualidade:") -> CIQ :qualidade: | G32: {=XLOOKUP(B32,'Página9'!A:A,'Página9'!F:F,"")} -> -158 | H32: {=XLOOKUP(B32,'Página9'!A:A,'Página9'!C:C,"")} -> 40 | I32: {=XLOOKUP(B32,'Página9'!A:A,'Página9'!G:G,"")} -> REPOR ESTOQUE | J32: =IF(F32=$N$2,"RECEBIMENTO",IF(F32=$N$3,"CIQ",IF(F32=$N$4,"PMM",IF(F32=$N$5,"ESTOQUE",IF(F32=$N$6,"EXPEDIÇÃO",""))))) -> CIQ | K32: =IFERROR(__xludf.DUMMYFUNCTION("""COMPUTED_VALUE"""),"Francisco Samuel Trindade Nascimento") -> Francisco Samuel Trindade Nascimento
A33: =IFERROR(__xludf.DUMMYFUNCTION("""COMPUTED_VALUE"""),45881.0) -> 45881 | B33: =IFERROR(__xludf.DUMMYFUNCTION("""COMPUTED_VALUE"""),"MCC015UC0045") -> MCC015UC0045 | C33: =IFERROR(__xludf.DUMMYFUNCTION("""COMPUTED_VALUE"""),"FITA ADESIVA 69MM X 100M") -> FITA ADESIVA 69MM X 100M | D33: =IFERROR(__xludf.DUMMYFUNCTION("""COMPUTED_VALUE"""),24.0) -> 24 | E33: =IFERROR(__xludf.DUMMYFUNCTION("""COMPUTED_VALUE"""),"Saída") -> Saída | F33: =IFERROR(__xludf.DUMMYFUNCTION("""COMPUTED_VALUE"""),"CIQ :qualidade:") -> CIQ :qualidade: | G33: {=XLOOKUP(B33,'Página9'!A:A,'Página9'!F:F,"")} -> 287 | H33: {=XLOOKUP(B33,'Página9'!A:A,'Página9'!C:C,"")} -> 20 | I33: {=XLOOKUP(B33,'Página9'!A:A,'Página9'!G:G,"")} -> OK | J33: =IF(F33=$N$2,"RECEBIMENTO",IF(F33=$N$3,"CIQ",IF(F33=$N$4,"PMM",IF(F33=$N$5,"ESTOQUE",IF(F33=$N$6,"EXPEDIÇÃO",""))))) -> CIQ | K33: =IFERROR(__xludf.DUMMYFUNCTION("""COMPUTED_VALUE"""),"Francisco Antonio Pinheiro De Sousa") -> Francisco Antonio Pinheiro De Sousa
A34: =IFERROR(__xludf.DUMMYFUNCTION("""COMPUTED_VALUE"""),45881.0) -> 45881 | B34: =IFERROR(__xludf.DUMMYFUNCTION("""COMPUTED_VALUE"""),"MCC046UC0216") -> MCC046UC0216 | C34: =IFERROR(__xludf.DUMMYFUNCTION("""COMPUTED_VALUE"""),"CANETA ESFEROGRAFICA ECONOMIC PRETA BIC") -> CANETA ESFEROGRAFICA ECONOMIC PRETA BIC | D34: =IFERROR(__xludf.DUMMYFUNCTION("""COMPUTED_VALUE"""),2.0) -> 2 | E34: =IFERROR(__xludf.DUMMYFUNCTION("""COMPUTED_VALUE"""),"Saída") -> Saída | F34: =IFERROR(__xludf.DUMMYFUNCTION("""COMPUTED_VALUE"""),"CIQ :qualidade:") -> CIQ :qualidade: | G34: {=XLOOKUP(B34,'Página9'!A:A,'Página9'!F:F,"")} -> 89 | H34: {=XLOOKUP(B34,'Página9'!A:A,'Página9'!C:C,"")} -> 15 | I34: {=XLOOKUP(B34,'Página9'!A:A,'Página9'!G:G,"")} -> OK | J34: =IF(F34=$N$2,"RECEBIMENTO",IF(F34=$N$3,"CIQ",IF(F34=$N$4,"PMM",IF(F34=$N$5,"ESTOQUE",IF(F34=$N$6,"EXPEDIÇÃO",""))))) -> CIQ | K34: =IFERROR(__xludf.DUMMYFUNCTION("""COMPUTED_VALUE"""),"Matheus De Almeida Rodrigues") -> Matheus De Almeida Rodrigues
A35: =IFERROR(__xludf.DUMMYFUNCTION("""COMPUTED_VALUE"""),45881.0) -> 45881 | B35: =IFERROR(__xludf.DUMMYFUNCTION("""COMPUTED_VALUE"""),"MCC046UC0398") -> MCC046UC0398 | C35: =IFERROR(__xludf.DUMMYFUNCTION("""COMPUTED_VALUE"""),"GRAMPO 26/6 COBREADO CX.C/5000 BACCHI") -> GRAMPO 26/6 COBREADO CX.C/5000 BACCHI | D35: =IFERROR(__xludf.DUMMYFUNCTION("""COMPUTED_VALUE"""),1.0) -> 1 | E35: =IFERROR(__xludf.DUMMYFUNCTION("""COMPUTED_VALUE"""),"Saída") -> Saída | F35: =IFERROR(__xludf.DUMMYFUNCTION("""COMPUTED_VALUE"""),"Estoque:package:") -> Estoque:package: | G35: {=XLOOKUP(B35,'Página9'!A:A,'Página9'!F:F,"")} -> -13 | H35: {=XLOOKUP(B35,'Página9'!A:A,'Página9'!C:C,"")} -> 3 | I35: {=XLOOKUP(B35,'Página9'!A:A,'Página9'!G:G,"")} -> REPOR ESTOQUE | J35: =IF(F35=$N$2,"RECEBIMENTO",IF(F35=$N$3,"CIQ",IF(F35=$N$4,"PMM",IF(F35=$N$5,"ESTOQUE",IF(F35=$N$6,"EXPEDIÇÃO",""))))) -> ESTOQUE | K35: =IFERROR(__xludf.DUMMYFUNCTION("""COMPUTED_VALUE"""),"Jose Antoniel Silva Mesquita") -> Jose Antoniel Silva Mesquita
A36: =IFERROR(__xludf.DUMMYFUNCTION("""COMPUTED_VALUE"""),45882.0) -> 45882 | B36: =IFERROR(__xludf.DUMMYFUNCTION("""COMPUTED_VALUE"""),"MCC046UC0215") -> MCC046UC0215 | C36: =IFERROR(__xludf.DUMMYFUNCTION("""COMPUTED_VALUE"""),"CANETA ESFEROGRAFICA ECONOMIC AZUL BIC") -> CANETA ESFEROGRAFICA ECONOMIC AZUL BIC | D36: =IFERROR(__xludf.DUMMYFUNCTION("""COMPUTED_VALUE"""),5.0) -> 5 | E36: =IFERROR(__xludf.DUMMYFUNCTION("""COMPUTED_VALUE"""),"Saída") -> Saída | F36: =IFERROR(__xludf.DUMMYFUNCTION("""COMPUTED_VALUE"""),"Recebimento:truck:") -> Recebimento:truck: | G36: {=XLOOKUP(B36,'Página9'!A:A,'Página9'!F:F,"")} -> -20 | H36: {=XLOOKUP(B36,'Página9'!A:A,'Página9'!C:C,"")} -> 15 | I36: {=XLOOKUP(B36,'Página9'!A:A,'Página9'!G:G,"")} -> REPOR ESTOQUE | J36: =IF(F36=$N$2,"RECEBIMENTO",IF(F36=$N$3,"CIQ",IF(F36=$N$4,"PMM",IF(F36=$N$5,"ESTOQUE",IF(F36=$N$6,"EXPEDIÇÃO",""))))) -> RECEBIMENTO | K36: =IFERROR(__xludf.DUMMYFUNCTION("""COMPUTED_VALUE"""),"Ana Virginia De Castro Costa") -> Ana Virginia De Castro Costa
A37: =IFERROR(__xludf.DUMMYFUNCTION("""COMPUTED_VALUE"""),45882.0) -> 45882 | B37: =IFERROR(__xludf.DUMMYFUNCTION("""COMPUTED_VALUE"""),"MCC046UC0687") -> MCC046UC0687 | C37: =IFERROR(__xludf.DUMMYFUNCTION("""COMPUTED_VALUE"""),"ETIQUETA COUCHE - 100X100X 1") -> ETIQUETA COUCHE - 100X100X 1 | D37: =IFERROR(__xludf.DUMMYFUNCTION("""COMPUTED_VALUE"""),2.0) -> 2 | E37: =IFERROR(__xludf.DUMMYFUNCTION("""COMPUTED_VALUE"""),"Saída") -> Saída | F37: =IFERROR(__xludf.DUMMYFUNCTION("""COMPUTED_VALUE"""),"Estoque:package:") -> Estoque:package: | G37: {=XLOOKUP(B37,'Página9'!A:A,'Página9'!F:F,"")} -> 335 | H37: {=XLOOKUP(B37,'Página9'!A:A,'Página9'!C:C,"")} -> 20 | I37: {=XLOOKUP(B37,'Página9'!A:A,'Página9'!G:G,"")} -> OK | J37: =IF(F37=$N$2,"RECEBIMENTO",IF(F37=$N$3,"CIQ",IF(F37=$N$4,"PMM",IF(F37=$N$5,"ESTOQUE",IF(F37=$N$6,"EXPEDIÇÃO",""))))) -> ESTOQUE | K37: =IFERROR(__xludf.DUMMYFUNCTION("""COMPUTED_VALUE"""),"Paulo Henrique Chagas De Oliveira") -> Paulo Henrique Chagas De Oliveira
A38: =IFERROR(__xludf.DUMMYFUNCTION("""COMPUTED_VALUE"""),45882.0) -> 45882 | B38: =IFERROR(__xludf.DUMMYFUNCTION("""COMPUTED_VALUE"""),"MCC046UC0398") -> MCC046UC0398 | C38: =IFERROR(__xludf.DUMMYFUNCTION("""COMPUTED_VALUE"""),"GRAMPO 26/6 COBREADO CX.C/5000 BACCHI") -> GRAMPO 26/6 COBREADO CX.C/5000 BACCHI | D38: =IFERROR(__xludf.DUMMYFUNCTION("""COMPUTED_VALUE"""),1.0) -> 1 | E38: =IFERROR(__xludf.DUMMYFUNCTION("""COMPUTED_VALUE"""),"Saída") -> Saída | F38: =IFERROR(__xludf.DUMMYFUNCTION("""COMPUTED_VALUE"""),"Recebimento:truck:") -> Recebimento:truck: | G38: {=XLOOKUP(B38,'Página9'!A:A,'Página9'!F:F,"")} -> -13 | H38: {=XLOOKUP(B38,'Página9'!A:A,'Página9'!C:C,"")} -> 3 | I38: {=XLOOKUP(B38,'Página9'!A:A,'Página9'!G:G,"")} -> REPOR ESTOQUE | J38: =IF(F38=$N$2,"RECEBIMENTO",IF(F38=$N$3,"CIQ",IF(F38=$N$4,"PMM",IF(F38=$N$5,"ESTOQUE",IF(F38=$N$6,"EXPEDIÇÃO",""))))) -> RECEBIMENTO | K38: =IFERROR(__xludf.DUMMYFUNCTION("""COMPUTED_VALUE"""),"Ana Virginia De Castro Costa") -> Ana Virginia De Castro Costa
A39: =IFERROR(__xludf.DUMMYFUNCTION("""COMPUTED_VALUE"""),45882.0) -> 45882 | B39: =IFERROR(__xludf.DUMMYFUNCTION("""COMPUTED_VALUE"""),"MCC046UC0687") -> MCC046UC0687 | C39: =IFERROR(__xludf.DUMMYFUNCTION("""COMPUTED_VALUE"""),"ETIQUETA COUCHE - 100X100X 1") -> ETIQUETA COUCHE - 100X100X 1 | D39: =IFERROR(__xludf.DUMMYFUNCTION("""COMPUTED_VALUE"""),1.0) -> 1 | E39: =IFERROR(__xludf.DUMMYFUNCTION("""COMPUTED_VALUE"""),"Saída") -> Saída | F39: =IFERROR(__xludf.DUMMYFUNCTION("""COMPUTED_VALUE"""),"Recebimento:truck:") -> Recebimento:truck: | G39: {=XLOOKUP(B39,'Página9'!A:A,'Página9'!F:F,"")} -> 335 | H39: {=XLOOKUP(B39,'Página9'!A:A,'Página9'!C:C,"")} -> 20 | I39: {=XLOOKUP(B39,'Página9'!A:A,'Página9'!G:G,"")} -> OK | J39: =IF(F39=$N$2,"RECEBIMENTO",IF(F39=$N$3,"CIQ",IF(F39=$N$4,"PMM",IF(F39=$N$5,"ESTOQUE",IF(F39=$N$6,"EXPEDIÇÃO",""))))) -> RECEBIMENTO | K39: =IFERROR(__xludf.DUMMYFUNCTION("""COMPUTED_VALUE"""),"Suellen Aguiar Da Silva") -> Suellen Aguiar Da Silva
A40: =IFERROR(__xludf.DUMMYFUNCTION("""COMPUTED_VALUE"""),45882.0) -> 45882 | B40: =IFERROR(__xludf.DUMMYFUNCTION("""COMPUTED_VALUE"""),"MCC046UC0082") -> MCC046UC0082 | C40: =IFERROR(__xludf.DUMMYFUNCTION("""COMPUTED_VALUE"""),"PAPEL SULFITE A4 75G 500 FOLHAS") -> PAPEL SULFITE A4 75G 500 FOLHAS | D40: =IFERROR(__xludf.DUMMYFUNCTION("""COMPUTED_VALUE"""),2.0) -> 2 | E40: =IFERROR(__xludf.DUMMYFUNCTION("""COMPUTED_VALUE"""),"Saída") -> Saída | F40: =IFERROR(__xludf.DUMMYFUNCTION("""COMPUTED_VALUE"""),"Expedição:ex-escolas-exponenciais:") -> Expedição:ex-escolas-exponenciais: | G40: {=XLOOKUP(B40,'Página9'!A:A,'Página9'!F:F,"")} -> 163 | H40: {=XLOOKUP(B40,'Página9'!A:A,'Página9'!C:C,"")} -> 10 | I40: {=XLOOKUP(B40,'Página9'!A:A,'Página9'!G:G,"")} -> OK | J40: =IF(F40=$N$2,"RECEBIMENTO",IF(F40=$N$3,"CIQ",IF(F40=$N$4,"PMM",IF(F40=$N$5,"ESTOQUE",IF(F40=$N$6,"EXPEDIÇÃO",""))))) -> EXPEDIÇÃO | K40: =IFERROR(__xludf.DUMMYFUNCTION("""COMPUTED_VALUE"""),"Jose Antoniel Silva Mesquita") -> Jose Antoniel Silva Mesquita
A41: =IFERROR(__xludf.DUMMYFUNCTION("""COMPUTED_VALUE"""),45882.0) -> 45882 | B41: =IFERROR(__xludf.DUMMYFUNCTION("""COMPUTED_VALUE"""),"MCC046UC0215") -> MCC046UC0215 | C41: =IFERROR(__xludf.DUMMYFUNCTION("""COMPUTED_VALUE"""),"CANETA ESFEROGRAFICA ECONOMIC AZUL BIC") -> CANETA ESFEROGRAFICA ECONOMIC AZUL BIC | D41: =IFERROR(__xludf.DUMMYFUNCTION("""COMPUTED_VALUE"""),2.0) -> 2 | E41: =IFERROR(__xludf.DUMMYFUNCTION("""COMPUTED_VALUE"""),"Saída") -> Saída | F41: =IFERROR(__xludf.DUMMYFUNCTION("""COMPUTED_VALUE"""),"Estoque:package:") -> Estoque:package: | G41: {=XLOOKUP(B41,'Página9'!A:A,'Página9'!F:F,"")} -> -20 | H41: {=XLOOKUP(B41,'Página9'!A:A,'Página9'!C:C,"")} -> 15 | I41: {=XLOOKUP(B41,'Página9'!A:A,'Página9'!G:G,"")} -> REPOR ESTOQUE | J41: =IF(F41=$N$2,"RECEBIMENTO",IF(F41=$N$3,"CIQ",IF(F41=$N$4,"PMM",IF(F41=$N$5,"ESTOQUE",IF(F41=$N$6,"EXPEDIÇÃO",""))))) -> ESTOQUE | K41: =IFERROR(__xludf.DUMMYFUNCTION("""COMPUTED_VALUE"""),"Jose Antoniel Silva Mesquita") -> Jose Antoniel Silva Mesquita
A42: =IFERROR(__xludf.DUMMYFUNCTION("""COMPUTED_VALUE"""),45883.0) -> 45883 | B42: =IFERROR(__xludf.DUMMYFUNCTION("""COMPUTED_VALUE"""),"MCC049UC0601") -> MCC049UC0601 | C42: =IFERROR(__xludf.DUMMYFUNCTION("""COMPUTED_VALUE"""),"CANETA ESFEROGRAFICA COMPACTOR VERMELHA") -> CANETA ESFEROGRAFICA COMPACTOR VERMELHA | D42: =IFERROR(__xludf.DUMMYFUNCTION("""COMPUTED_VALUE"""),3.0) -> 3 | E42: =IFERROR(__xludf.DUMMYFUNCTION("""COMPUTED_VALUE"""),"Saída") -> Saída | F42: =IFERROR(__xludf.DUMMYFUNCTION("""COMPUTED_VALUE"""),"PMM:livro-voador:") -> PMM:livro-voador: | G42: {=XLOOKUP(B42,'Página9'!A:A,'Página9'!F:F,"")} | H42: {=XLOOKUP(B42,'Página9'!A:A,'Página9'!C:C,"")} | I42: {=XLOOKUP(B42,'Página9'!A:A,'Página9'!G:G,"")} | J42: =IF(F42=$N$2,"RECEBIMENTO",IF(F42=$N$3,"CIQ",IF(F42=$N$4,"PMM",IF(F42=$N$5,"ESTOQUE",IF(F42=$N$6,"EXPEDIÇÃO",""))))) -> PMM | K42: =IFERROR(__xludf.DUMMYFUNCTION("""COMPUTED_VALUE"""),"Paulo Henrique Chagas De Oliveira") -> Paulo Henrique Chagas De Oliveira
A43: =IFERROR(__xludf.DUMMYFUNCTION("""COMPUTED_VALUE"""),45883.0) -> 45883 | B43: =IFERROR(__xludf.DUMMYFUNCTION("""COMPUTED_VALUE"""),"MCC046UC0216") -> MCC046UC0216 | C43: =IFERROR(__xludf.DUMMYFUNCTION("""COMPUTED_VALUE"""),"CANETA ESFEROGRAFICA ECONOMIC PRETA BIC") -> CANETA ESFEROGRAFICA ECONOMIC PRETA BIC | D43: =IFERROR(__xludf.DUMMYFUNCTION("""COMPUTED_VALUE"""),1.0) -> 1 | E43: =IFERROR(__xludf.DUMMYFUNCTION("""COMPUTED_VALUE"""),"Saída") -> Saída | F43: =IFERROR(__xludf.DUMMYFUNCTION("""COMPUTED_VALUE"""),"Expedição:ex-escolas-exponenciais:") -> Expedição:ex-escolas-exponenciais: | G43: {=XLOOKUP(B43,'Página9'!A:A,'Página9'!F:F,"")} -> 89 | H43: {=XLOOKUP(B43,'Página9'!A:A,'Página9'!C:C,"")} -> 15 | I43: {=XLOOKUP(B43,'Página9'!A:A,'Página9'!G:G,"")} -> OK | J43: =IF(F43=$N$2,"RECEBIMENTO",IF(F43=$N$3,"CIQ",IF(F43=$N$4,"PMM",IF(F43=$N$5,"ESTOQUE",IF(F43=$N$6,"EXPEDIÇÃO",""))))) -> EXPEDIÇÃO | K43: =IFERROR(__xludf.DUMMYFUNCTION("""COMPUTED_VALUE"""),"Cosme Marcio Barros Barbosa") -> Cosme Marcio Barros Barbosa
A44: =IFERROR(__xludf.DUMMYFUNCTION("""COMPUTED_VALUE"""),45883.0) -> 45883 | B44: =IFERROR(__xludf.DUMMYFUNCTION("""COMPUTED_VALUE"""),"MCC049UC0601") -> MCC049UC0601 | C44: =IFERROR(__xludf.DUMMYFUNCTION("""COMPUTED_VALUE"""),"CANETA ESFEROGRAFICA COMPACTOR VERMELHA") -> CANETA ESFEROGRAFICA COMPACTOR VERMELHA | D44: =IFERROR(__xludf.DUMMYFUNCTION("""COMPUTED_VALUE"""),1.0) -> 1 | E44: =IFERROR(__xludf.DUMMYFUNCTION("""COMPUTED_VALUE"""),"Saída") -> Saída | F44: =IFERROR(__xludf.DUMMYFUNCTION("""COMPUTED_VALUE"""),"Recebimento:truck:") -> Recebimento:truck: | G44: {=XLOOKUP(B44,'Página9'!A:A,'Página9'!F:F,"")} | H44: {=XLOOKUP(B44,'Página9'!A:A,'Página9'!C:C,"")} | I44: {=XLOOKUP(B44,'Página9'!A:A,'Página9'!G:G,"")} | J44: =IF(F44=$N$2,"RECEBIMENTO",IF(F44=$N$3,"CIQ",IF(F44=$N$4,"PMM",IF(F44=$N$5,"ESTOQUE",IF(F44=$N$6,"EXPEDIÇÃO",""))))) -> RECEBIMENTO | K44: =IFERROR(__xludf.DUMMYFUNCTION("""COMPUTED_VALUE"""),"Cosme Marcio Barros Barbosa") -> Cosme Marcio Barros Barbosa
A45: =IFERROR(__xludf.DUMMYFUNCTION("""COMPUTED_VALUE"""),45883.0) -> 45883 | B45: =IFERROR(__xludf.DUMMYFUNCTION("""COMPUTED_VALUE"""),"MCC015UC0045") -> MCC015UC0045 | C45: =IFERROR(__xludf.DUMMYFUNCTION("""COMPUTED_VALUE"""),"FITA ADESIVA 69MM X 100M") -> FITA ADESIVA 69MM X 100M | D45: =IFERROR(__xludf.DUMMYFUNCTION("""COMPUTED_VALUE"""),24.0) -> 24 | E45: =IFERROR(__xludf.DUMMYFUNCTION("""COMPUTED_VALUE"""),"Saída") -> Saída | F45: =IFERROR(__xludf.DUMMYFUNCTION("""COMPUTED_VALUE"""),"Estoque:package:") -> Estoque:package: | G45: {=XLOOKUP(B45,'Página9'!A:A,'Página9'!F:F,"")} -> 287 | H45: {=XLOOKUP(B45,'Página9'!A:A,'Página9'!C:C,"")} -> 20 | I45: {=XLOOKUP(B45,'Página9'!A:A,'Página9'!G:G,"")} -> OK | J45: =IF(F45=$N$2,"RECEBIMENTO",IF(F45=$N$3,"CIQ",IF(F45=$N$4,"PMM",IF(F45=$N$5,"ESTOQUE",IF(F45=$N$6,"EXPEDIÇÃO",""))))) -> ESTOQUE | K45: =IFERROR(__xludf.DUMMYFUNCTION("""COMPUTED_VALUE"""),"Cosme Marcio Barros Barbosa") -> Cosme Marcio Barros Barbosa
A46: =IFERROR(__xludf.DUMMYFUNCTION("""COMPUTED_VALUE"""),45883.0) -> 45883 | B46: =IFERROR(__xludf.DUMMYFUNCTION("""COMPUTED_VALUE"""),"MCC046UC0215") -> MCC046UC0215 | C46: =IFERROR(__xludf.DUMMYFUNCTION("""COMPUTED_VALUE"""),"CANETA ESFEROGRAFICA ECONOMIC AZUL BIC") -> CANETA ESFEROGRAFICA ECONOMIC AZUL BIC | D46: =IFERROR(__xludf.DUMMYFUNCTION("""COMPUTED_VALUE"""),10.0) -> 10 | E46: =IFERROR(__xludf.DUMMYFUNCTION("""COMPUTED_VALUE"""),"Saída") -> Saída | F46: =IFERROR(__xludf.DUMMYFUNCTION("""COMPUTED_VALUE"""),"Estoque:package:") -> Estoque:package: | G46: {=XLOOKUP(B46,'Página9'!A:A,'Página9'!F:F,"")} -> -20 | H46: {=XLOOKUP(B46,'Página9'!A:A,'Página9'!C:C,"")} -> 15 | I46: {=XLOOKUP(B46,'Página9'!A:A,'Página9'!G:G,"")} -> REPOR ESTOQUE | J46: =IF(F46=$N$2,"RECEBIMENTO",IF(F46=$N$3,"CIQ",IF(F46=$N$4,"PMM",IF(F46=$N$5,"ESTOQUE",IF(F46=$N$6,"EXPEDIÇÃO",""))))) -> ESTOQUE | K46: =IFERROR(__xludf.DUMMYFUNCTION("""COMPUTED_VALUE"""),"Suellen Aguiar Da Silva") -> Suellen Aguiar Da Silva
A47: =IFERROR(__xludf.DUMMYFUNCTION("""COMPUTED_VALUE"""),45887.0) -> 45887 | B47: =IFERROR(__xludf.DUMMYFUNCTION("""COMPUTED_VALUE"""),"MCC046UC0215") -> MCC046UC0215 | C47: =IFERROR(__xludf.DUMMYFUNCTION("""COMPUTED_VALUE"""),"CANETA ESFEROGRAFICA ECONOMIC AZUL BIC") -> CANETA ESFEROGRAFICA ECONOMIC AZUL BIC | D47: =IFERROR(__xludf.DUMMYFUNCTION("""COMPUTED_VALUE"""),4.0) -> 4 | E47: =IFERROR(__xludf.DUMMYFUNCTION("""COMPUTED_VALUE"""),"Saída") -> Saída | F47: =IFERROR(__xludf.DUMMYFUNCTION("""COMPUTED_VALUE"""),"Recebimento:truck:") -> Recebimento:truck: | G47: {=XLOOKUP(B47,'Página9'!A:A,'Página9'!F:F,"")} -> -20 | H47: {=XLOOKUP(B47,'Página9'!A:A,'Página9'!C:C,"")} -> 15 | I47: {=XLOOKUP(B47,'Página9'!A:A,'Página9'!G:G,"")} -> REPOR ESTOQUE | J47: =IF(F47=$N$2,"RECEBIMENTO",IF(F47=$N$3,"CIQ",IF(F47=$N$4,"PMM",IF(F47=$N$5,"ESTOQUE",IF(F47=$N$6,"EXPEDIÇÃO",""))))) -> RECEBIMENTO | K47: =IFERROR(__xludf.DUMMYFUNCTION("""COMPUTED_VALUE"""),"Matheus De Almeida Rodrigues") -> Matheus De Almeida Rodrigues
A48: =IFERROR(__xludf.DUMMYFUNCTION("""COMPUTED_VALUE"""),45887.0) -> 45887 | B48: =IFERROR(__xludf.DUMMYFUNCTION("""COMPUTED_VALUE"""),"MCC015UC0045") -> MCC015UC0045 | C48: =IFERROR(__xludf.DUMMYFUNCTION("""COMPUTED_VALUE"""),"FITA ADESIVA 69MM X 100M") -> FITA ADESIVA 69MM X 100M | D48: =IFERROR(__xludf.DUMMYFUNCTION("""COMPUTED_VALUE"""),12.0) -> 12 | E48: =IFERROR(__xludf.DUMMYFUNCTION("""COMPUTED_VALUE"""),"Saída") -> Saída | F48: =IFERROR(__xludf.DUMMYFUNCTION("""COMPUTED_VALUE"""),"Estoque:package:") -> Estoque:package: | G48: {=XLOOKUP(B48,'Página9'!A:A,'Página9'!F:F,"")} -> 287 | H48: {=XLOOKUP(B48,'Página9'!A:A,'Página9'!C:C,"")} -> 20 | I48: {=XLOOKUP(B48,'Página9'!A:A,'Página9'!G:G,"")} -> OK | J48: =IF(F48=$N$2,"RECEBIMENTO",IF(F48=$N$3,"CIQ",IF(F48=$N$4,"PMM",IF(F48=$N$5,"ESTOQUE",IF(F48=$N$6,"EXPEDIÇÃO",""))))) -> ESTOQUE | K48: =IFERROR(__xludf.DUMMYFUNCTION("""COMPUTED_VALUE"""),"Francisco Antonio Pinheiro De Sousa") -> Francisco Antonio Pinheiro De Sousa
A49: =IFERROR(__xludf.DUMMYFUNCTION("""COMPUTED_VALUE"""),45887.0) -> 45887 | B49: =IFERROR(__xludf.DUMMYFUNCTION("""COMPUTED_VALUE"""),"MCC015UC0045") -> MCC015UC0045 | C49: =IFERROR(__xludf.DUMMYFUNCTION("""COMPUTED_VALUE"""),"FITA ADESIVA 69MM X 100M") -> FITA ADESIVA 69MM X 100M | D49: =IFERROR(__xludf.DUMMYFUNCTION("""COMPUTED_VALUE"""),3.0) -> 3 | E49: =IFERROR(__xludf.DUMMYFUNCTION("""COMPUTED_VALUE"""),"Saída") -> Saída | F49: =IFERROR(__xludf.DUMMYFUNCTION("""COMPUTED_VALUE"""),"Recebimento:truck:") -> Recebimento:truck: | G49: {=XLOOKUP(B49,'Página9'!A:A,'Página9'!F:F,"")} -> 287 | H49: {=XLOOKUP(B49,'Página9'!A:A,'Página9'!C:C,"")} -> 20 | I49: {=XLOOKUP(B49,'Página9'!A:A,'Página9'!G:G,"")} -> OK | J49: =IF(F49=$N$2,"RECEBIMENTO",IF(F49=$N$3,"CIQ",IF(F49=$N$4,"PMM",IF(F49=$N$5,"ESTOQUE",IF(F49=$N$6,"EXPEDIÇÃO",""))))) -> RECEBIMENTO | K49: =IFERROR(__xludf.DUMMYFUNCTION("""COMPUTED_VALUE"""),"Ana Virginia De Castro Costa") -> Ana Virginia De Castro Costa
A50: =IFERROR(__xludf.DUMMYFUNCTION("""COMPUTED_VALUE"""),45887.0) -> 45887 | B50: =IFERROR(__xludf.DUMMYFUNCTION("""COMPUTED_VALUE"""),"MCC046UC0695") -> MCC046UC0695 | C50: =IFERROR(__xludf.DUMMYFUNCTION("""COMPUTED_VALUE"""),"ETIQUETA COUCHE 98X50X1") -> ETIQUETA COUCHE 98X50X1 | D50: =IFERROR(__xludf.DUMMYFUNCTION("""COMPUTED_VALUE"""),2.0) -> 2 | E50: =IFERROR(__xludf.DUMMYFUNCTION("""COMPUTED_VALUE"""),"Saída") -> Saída | F50: =IFERROR(__xludf.DUMMYFUNCTION("""COMPUTED_VALUE"""),"Recebimento:truck:") -> Recebimento:truck: | G50: {=XLOOKUP(B50,'Página9'!A:A,'Página9'!F:F,"")} -> 256 | H50: {=XLOOKUP(B50,'Página9'!A:A,'Página9'!C:C,"")} -> 20 | I50: {=XLOOKUP(B50,'Página9'!A:A,'Página9'!G:G,"")} -> OK | J50: =IF(F50=$N$2,"RECEBIMENTO",IF(F50=$N$3,"CIQ",IF(F50=$N$4,"PMM",IF(F50=$N$5,"ESTOQUE",IF(F50=$N$6,"EXPEDIÇÃO",""))))) -> RECEBIMENTO | K50: =IFERROR(__xludf.DUMMYFUNCTION("""COMPUTED_VALUE"""),"Jose Antoniel Silva Mesquita") -> Jose Antoniel Silva Mesquita
A51: =IFERROR(__xludf.DUMMYFUNCTION("""COMPUTED_VALUE"""),45888.0) -> 45888 | B51: =IFERROR(__xludf.DUMMYFUNCTION("""COMPUTED_VALUE"""),"MCC046UC0216") -> MCC046UC0216 | C51: =IFERROR(__xludf.DUMMYFUNCTION("""COMPUTED_VALUE"""),"CANETA ESFEROGRAFICA ECONOMIC PRETA BIC") -> CANETA ESFEROGRAFICA ECONOMIC PRETA BIC | D51: =IFERROR(__xludf.DUMMYFUNCTION("""COMPUTED_VALUE"""),3.0) -> 3 | E51: =IFERROR(__xludf.DUMMYFUNCTION("""COMPUTED_VALUE"""),"Saída") -> Saída | F51: =IFERROR(__xludf.DUMMYFUNCTION("""COMPUTED_VALUE"""),"Expedição:ex-escolas-exponenciais:") -> Expedição:ex-escolas-exponenciais: | G51: {=XLOOKUP(B51,'Página9'!A:A,'Página9'!F:F,"")} -> 89 | H51: {=XLOOKUP(B51,'Página9'!A:A,'Página9'!C:C,"")} -> 15 | I51: {=XLOOKUP(B51,'Página9'!A:A,'Página9'!G:G,"")} -> OK | J51: =IF(F51=$N$2,"RECEBIMENTO",IF(F51=$N$3,"CIQ",IF(F51=$N$4,"PMM",IF(F51=$N$5,"ESTOQUE",IF(F51=$N$6,"EXPEDIÇÃO",""))))) -> EXPEDIÇÃO | K51: =IFERROR(__xludf.DUMMYFUNCTION("""COMPUTED_VALUE"""),"Philipe Araujo Barroso") -> Philipe Araujo Barroso
A52: =IFERROR(__xludf.DUMMYFUNCTION("""COMPUTED_VALUE"""),45888.0) -> 45888 | B52: =IFERROR(__xludf.DUMMYFUNCTION("""COMPUTED_VALUE"""),"MCC046UC0398") -> MCC046UC0398 | C52: =IFERROR(__xludf.DUMMYFUNCTION("""COMPUTED_VALUE"""),"GRAMPO 26/6 COBREADO CX.C/5000 BACCHI") -> GRAMPO 26/6 COBREADO CX.C/5000 BACCHI | D52: =IFERROR(__xludf.DUMMYFUNCTION("""COMPUTED_VALUE"""),4.0) -> 4 | E52: =IFERROR(__xludf.DUMMYFUNCTION("""COMPUTED_VALUE"""),"Saída") -> Saída | F52: =IFERROR(__xludf.DUMMYFUNCTION("""COMPUTED_VALUE"""),"Expedição:ex-escolas-exponenciais:") -> Expedição:ex-escolas-exponenciais: | G52: {=XLOOKUP(B52,'Página9'!A:A,'Página9'!F:F,"")} -> -13 | H52: {=XLOOKUP(B52,'Página9'!A:A,'Página9'!C:C,"")} -> 3 | I52: {=XLOOKUP(B52,'Página9'!A:A,'Página9'!G:G,"")} -> REPOR ESTOQUE | J52: =IF(F52=$N$2,"RECEBIMENTO",IF(F52=$N$3,"CIQ",IF(F52=$N$4,"PMM",IF(F52=$N$5,"ESTOQUE",IF(F52=$N$6,"EXPEDIÇÃO",""))))) -> EXPEDIÇÃO | K52: =IFERROR(__xludf.DUMMYFUNCTION("""COMPUTED_VALUE"""),"Antonio Marcos De Albuquerque") -> Antonio Marcos De Albuquerque
A53: =IFERROR(__xludf.DUMMYFUNCTION("""COMPUTED_VALUE"""),45889.0) -> 45889 | B53: =IFERROR(__xludf.DUMMYFUNCTION("""COMPUTED_VALUE"""),"MCC046UC0639") -> MCC046UC0639 | C53: =IFERROR(__xludf.DUMMYFUNCTION("""COMPUTED_VALUE"""),"PILHA ALCALINA ELGIN PEQ.AA") -> PILHA ALCALINA ELGIN PEQ.AA | D53: =IFERROR(__xludf.DUMMYFUNCTION("""COMPUTED_VALUE"""),1.0) -> 1 | E53: =IFERROR(__xludf.DUMMYFUNCTION("""COMPUTED_VALUE"""),"Saída") -> Saída | F53: =IFERROR(__xludf.DUMMYFUNCTION("""COMPUTED_VALUE"""),"Expedição:ex-escolas-exponenciais:") -> Expedição:ex-escolas-exponenciais: | G53: {=XLOOKUP(B53,'Página9'!A:A,'Página9'!F:F,"")} -> -5 | H53: {=XLOOKUP(B53,'Página9'!A:A,'Página9'!C:C,"")} -> 4 | I53: {=XLOOKUP(B53,'Página9'!A:A,'Página9'!G:G,"")} -> REPOR ESTOQUE | J53: =IF(F53=$N$2,"RECEBIMENTO",IF(F53=$N$3,"CIQ",IF(F53=$N$4,"PMM",IF(F53=$N$5,"ESTOQUE",IF(F53=$N$6,"EXPEDIÇÃO",""))))) -> EXPEDIÇÃO | K53: =IFERROR(__xludf.DUMMYFUNCTION("""COMPUTED_VALUE"""),"Jackson Alves Sales") -> Jackson Alves Sales
A54: =IFERROR(__xludf.DUMMYFUNCTION("""COMPUTED_VALUE"""),45889.0) -> 45889 | B54: =IFERROR(__xludf.DUMMYFUNCTION("""COMPUTED_VALUE"""),"MCC015UC0045") -> MCC015UC0045 | C54: =IFERROR(__xludf.DUMMYFUNCTION("""COMPUTED_VALUE"""),"FITA ADESIVA 69MM X 100M") -> FITA ADESIVA 69MM X 100M | D54: =IFERROR(__xludf.DUMMYFUNCTION("""COMPUTED_VALUE"""),4.0) -> 4 | E54: =IFERROR(__xludf.DUMMYFUNCTION("""COMPUTED_VALUE"""),"Saída") -> Saída | F54: =IFERROR(__xludf.DUMMYFUNCTION("""COMPUTED_VALUE"""),"Recebimento:truck:") -> Recebimento:truck: | G54: {=XLOOKUP(B54,'Página9'!A:A,'Página9'!F:F,"")} -> 287 | H54: {=XLOOKUP(B54,'Página9'!A:A,'Página9'!C:C,"")} -> 20 | I54: {=XLOOKUP(B54,'Página9'!A:A,'Página9'!G:G,"")} -> OK | J54: =IF(F54=$N$2,"RECEBIMENTO",IF(F54=$N$3,"CIQ",IF(F54=$N$4,"PMM",IF(F54=$N$5,"ESTOQUE",IF(F54=$N$6,"EXPEDIÇÃO",""))))) -> RECEBIMENTO | K54: =IFERROR(__xludf.DUMMYFUNCTION("""COMPUTED_VALUE"""),"Philipe Araujo Barroso") -> Philipe Araujo Barroso
A55: =IFERROR(__xludf.DUMMYFUNCTION("""COMPUTED_VALUE"""),45889.0) -> 45889 | B55: =IFERROR(__xludf.DUMMYFUNCTION("""COMPUTED_VALUE"""),"MCC015UC0045") -> MCC015UC0045 | C55: =IFERROR(__xludf.DUMMYFUNCTION("""COMPUTED_VALUE"""),"FITA ADESIVA 69MM X 100M") -> FITA ADESIVA 69MM X 100M | D55: =IFERROR(__xludf.DUMMYFUNCTION("""COMPUTED_VALUE"""),2.0) -> 2 | E55: =IFERROR(__xludf.DUMMYFUNCTION("""COMPUTED_VALUE"""),"Saída") -> Saída | F55: =IFERROR(__xludf.DUMMYFUNCTION("""COMPUTED_VALUE"""),"Expedição:ex-escolas-exponenciais:") -> Expedição:ex-escolas-exponenciais: | G55: {=XLOOKUP(B55,'Página9'!A:A,'Página9'!F:F,"")} -> 287 | H55: {=XLOOKUP(B55,'Página9'!A:A,'Página9'!C:C,"")} -> 20 | I55: {=XLOOKUP(B55,'Página9'!A:A,'Página9'!G:G,"")} -> OK | J55: =IF(F55=$N$2,"RECEBIMENTO",IF(F55=$N$3,"CIQ",IF(F55=$N$4,"PMM",IF(F55=$N$5,"ESTOQUE",IF(F55=$N$6,"EXPEDIÇÃO",""))))) -> EXPEDIÇÃO | K55: =IFERROR(__xludf.DUMMYFUNCTION("""COMPUTED_VALUE"""),"Pedro Lucas Matias Do Nascimento") -> Pedro Lucas Matias Do Nascimento
A56: =IFERROR(__xludf.DUMMYFUNCTION("""COMPUTED_VALUE"""),45889.0) -> 45889 | B56: =IFERROR(__xludf.DUMMYFUNCTION("""COMPUTED_VALUE"""),"MCC046UC0598") -> MCC046UC0598 | C56: =IFERROR(__xludf.DUMMYFUNCTION("""COMPUTED_VALUE"""),"ETIQUETA ADESIVA COUCHE AZUL - 105X150MM SAS") -> ETIQUETA ADESIVA COUCHE AZUL - 105X150MM SAS | D56: =IFERROR(__xludf.DUMMYFUNCTION("""COMPUTED_VALUE"""),3.0) -> 3 | E56: =IFERROR(__xludf.DUMMYFUNCTION("""COMPUTED_VALUE"""),"Saída") -> Saída | F56: =IFERROR(__xludf.DUMMYFUNCTION("""COMPUTED_VALUE"""),"Recebimento:truck:") -> Recebimento:truck: | G56: {=XLOOKUP(B56,'Página9'!A:A,'Página9'!F:F,"")} -> 40 | H56: {=XLOOKUP(B56,'Página9'!A:A,'Página9'!C:C,"")} -> 5 | I56: {=XLOOKUP(B56,'Página9'!A:A,'Página9'!G:G,"")} -> OK | J56: =IF(F56=$N$2,"RECEBIMENTO",IF(F56=$N$3,"CIQ",IF(F56=$N$4,"PMM",IF(F56=$N$5,"ESTOQUE",IF(F56=$N$6,"EXPEDIÇÃO",""))))) -> RECEBIMENTO | K56: =IFERROR(__xludf.DUMMYFUNCTION("""COMPUTED_VALUE"""),"Silvana Da Silva Pereira") -> Silvana Da Silva Pereira
A57: =IFERROR(__xludf.DUMMYFUNCTION("""COMPUTED_VALUE"""),45889.0) -> 45889 | B57: =IFERROR(__xludf.DUMMYFUNCTION("""COMPUTED_VALUE"""),"MCC046UC0082") -> MCC046UC0082 | C57: =IFERROR(__xludf.DUMMYFUNCTION("""COMPUTED_VALUE"""),"PAPEL SULFITE A4 75G 500 FOLHAS") -> PAPEL SULFITE A4 75G 500 FOLHAS | D57: =IFERROR(__xludf.DUMMYFUNCTION("""COMPUTED_VALUE"""),48.0) -> 48 | E57: =IFERROR(__xludf.DUMMYFUNCTION("""COMPUTED_VALUE"""),"Saída") -> Saída | F57: =IFERROR(__xludf.DUMMYFUNCTION("""COMPUTED_VALUE"""),"Estoque:package:") -> Estoque:package: | G57: {=XLOOKUP(B57,'Página9'!A:A,'Página9'!F:F,"")} -> 163 | H57: {=XLOOKUP(B57,'Página9'!A:A,'Página9'!C:C,"")} -> 10 | I57: {=XLOOKUP(B57,'Página9'!A:A,'Página9'!G:G,"")} -> OK | J57: =IF(F57=$N$2,"RECEBIMENTO",IF(F57=$N$3,"CIQ",IF(F57=$N$4,"PMM",IF(F57=$N$5,"ESTOQUE",IF(F57=$N$6,"EXPEDIÇÃO",""))))) -> ESTOQUE | K57: =IFERROR(__xludf.DUMMYFUNCTION("""COMPUTED_VALUE"""),"Paulo Henrique Chagas De Oliveira") -> Paulo Henrique Chagas De Oliveira
A58: =IFERROR(__xludf.DUMMYFUNCTION("""COMPUTED_VALUE"""),45889.0) -> 45889 | B58: =IFERROR(__xludf.DUMMYFUNCTION("""COMPUTED_VALUE"""),"MCC015UC0045") -> MCC015UC0045 | C58: =IFERROR(__xludf.DUMMYFUNCTION("""COMPUTED_VALUE"""),"FITA ADESIVA 69MM X 100M") -> FITA ADESIVA 69MM X 100M | D58: =IFERROR(__xludf.DUMMYFUNCTION("""COMPUTED_VALUE"""),2.0) -> 2 | E58: =IFERROR(__xludf.DUMMYFUNCTION("""COMPUTED_VALUE"""),"Saída") -> Saída | F58: =IFERROR(__xludf.DUMMYFUNCTION("""COMPUTED_VALUE"""),"Estoque:package:") -> Estoque:package: | G58: {=XLOOKUP(B58,'Página9'!A:A,'Página9'!F:F,"")} -> 287 | H58: {=XLOOKUP(B58,'Página9'!A:A,'Página9'!C:C,"")} -> 20 | I58: {=XLOOKUP(B58,'Página9'!A:A,'Página9'!G:G,"")} -> OK | J58: =IF(F58=$N$2,"RECEBIMENTO",IF(F58=$N$3,"CIQ",IF(F58=$N$4,"PMM",IF(F58=$N$5,"ESTOQUE",IF(F58=$N$6,"EXPEDIÇÃO",""))))) -> ESTOQUE | K58: =IFERROR(__xludf.DUMMYFUNCTION("""COMPUTED_VALUE"""),"Matheus De Almeida Rodrigues") -> Matheus De Almeida Rodrigues
A59: =IFERROR(__xludf.DUMMYFUNCTION("""COMPUTED_VALUE"""),45889.0) -> 45889 | B59: =IFERROR(__xludf.DUMMYFUNCTION("""COMPUTED_VALUE"""),"MCC015UC0008") -> MCC015UC0008 | C59: =IFERROR(__xludf.DUMMYFUNCTION("""COMPUTED_VALUE"""),"FILME STRETCH 500X25") -> FILME STRETCH 500X25 | D59: =IFERROR(__xludf.DUMMYFUNCTION("""COMPUTED_VALUE"""),1.0) -> 1 | E59: =IFERROR(__xludf.DUMMYFUNCTION("""COMPUTED_VALUE"""),"Saída") -> Saída | F59: =IFERROR(__xludf.DUMMYFUNCTION("""COMPUTED_VALUE"""),"Recebimento:truck:") -> Recebimento:truck: | G59: {=XLOOKUP(B59,'Página9'!A:A,'Página9'!F:F,"")} -> -158 | H59: {=XLOOKUP(B59,'Página9'!A:A,'Página9'!C:C,"")} -> 40 | I59: {=XLOOKUP(B59,'Página9'!A:A,'Página9'!G:G,"")} -> REPOR ESTOQUE | J59: =IF(F59=$N$2,"RECEBIMENTO",IF(F59=$N$3,"CIQ",IF(F59=$N$4,"PMM",IF(F59=$N$5,"ESTOQUE",IF(F59=$N$6,"EXPEDIÇÃO",""))))) -> RECEBIMENTO | K59: =IFERROR(__xludf.DUMMYFUNCTION("""COMPUTED_VALUE"""),"Jose Edervanio Lima Mateus") -> Jose Edervanio Lima Mateus
A60: =IFERROR(__xludf.DUMMYFUNCTION("""COMPUTED_VALUE"""),45890.0) -> 45890 | B60: =IFERROR(__xludf.DUMMYFUNCTION("""COMPUTED_VALUE"""),"MCC046UC0638") -> MCC046UC0638 | C60: =IFERROR(__xludf.DUMMYFUNCTION("""COMPUTED_VALUE"""),"PILHA ALCALINA ELGIN PALITO AAA") -> PILHA ALCALINA ELGIN PALITO AAA | D60: =IFERROR(__xludf.DUMMYFUNCTION("""COMPUTED_VALUE"""),2.0) -> 2 | E60: =IFERROR(__xludf.DUMMYFUNCTION("""COMPUTED_VALUE"""),"Saída") -> Saída | F60: =IFERROR(__xludf.DUMMYFUNCTION("""COMPUTED_VALUE"""),"Recebimento:truck:") -> Recebimento:truck: | G60: {=XLOOKUP(B60,'Página9'!A:A,'Página9'!F:F,"")} -> 32 | H60: {=XLOOKUP(B60,'Página9'!A:A,'Página9'!C:C,"")} -> 4 | I60: {=XLOOKUP(B60,'Página9'!A:A,'Página9'!G:G,"")} -> OK | J60: =IF(F60=$N$2,"RECEBIMENTO",IF(F60=$N$3,"CIQ",IF(F60=$N$4,"PMM",IF(F60=$N$5,"ESTOQUE",IF(F60=$N$6,"EXPEDIÇÃO",""))))) -> RECEBIMENTO | K60: =IFERROR(__xludf.DUMMYFUNCTION("""COMPUTED_VALUE"""),"Paulo Henrique Chagas De Oliveira") -> Paulo Henrique Chagas De Oliveira
A61: =IFERROR(__xludf.DUMMYFUNCTION("""COMPUTED_VALUE"""),45890.0) -> 45890 | B61: =IFERROR(__xludf.DUMMYFUNCTION("""COMPUTED_VALUE"""),"MCC046UC0659") -> MCC046UC0659 | C61: =IFERROR(__xludf.DUMMYFUNCTION("""COMPUTED_VALUE"""),"ETIQUETA 70MM PROFESSOR") -> ETIQUETA 70MM PROFESSOR | D61: =IFERROR(__xludf.DUMMYFUNCTION("""COMPUTED_VALUE"""),6.0) -> 6 | E61: =IFERROR(__xludf.DUMMYFUNCTION("""COMPUTED_VALUE"""),"Saída") -> Saída | F61: =IFERROR(__xludf.DUMMYFUNCTION("""COMPUTED_VALUE"""),"Estoque:package:") -> Estoque:package: | G61: {=XLOOKUP(B61,'Página9'!A:A,'Página9'!F:F,"")} -> 25 | H61: {=XLOOKUP(B61,'Página9'!A:A,'Página9'!C:C,"")} -> 5 | I61: {=XLOOKUP(B61,'Página9'!A:A,'Página9'!G:G,"")} -> OK | J61: =IF(F61=$N$2,"RECEBIMENTO",IF(F61=$N$3,"CIQ",IF(F61=$N$4,"PMM",IF(F61=$N$5,"ESTOQUE",IF(F61=$N$6,"EXPEDIÇÃO",""))))) -> ESTOQUE | K61: =IFERROR(__xludf.DUMMYFUNCTION("""COMPUTED_VALUE"""),"Silvana Da Silva Pereira") -> Silvana Da Silva Pereira
A62: =IFERROR(__xludf.DUMMYFUNCTION("""COMPUTED_VALUE"""),45890.0) -> 45890 | B62: =IFERROR(__xludf.DUMMYFUNCTION("""COMPUTED_VALUE"""),"MCC015UC0047") -> MCC015UC0047 | C62: =IFERROR(__xludf.DUMMYFUNCTION("""COMPUTED_VALUE"""),"ETIQUETA CORTESIA") -> ETIQUETA CORTESIA | D62: =IFERROR(__xludf.DUMMYFUNCTION("""COMPUTED_VALUE"""),6.0) -> 6 | E62: =IFERROR(__xludf.DUMMYFUNCTION("""COMPUTED_VALUE"""),"Saída") -> Saída | F62: =IFERROR(__xludf.DUMMYFUNCTION("""COMPUTED_VALUE"""),"Recebimento:truck:") -> Recebimento:truck: | G62: {=XLOOKUP(B62,'Página9'!A:A,'Página9'!F:F,"")} -> 7 | H62: {=XLOOKUP(B62,'Página9'!A:A,'Página9'!C:C,"")} -> 5 | I62: {=XLOOKUP(B62,'Página9'!A:A,'Página9'!G:G,"")} -> OK | J62: =IF(F62=$N$2,"RECEBIMENTO",IF(F62=$N$3,"CIQ",IF(F62=$N$4,"PMM",IF(F62=$N$5,"ESTOQUE",IF(F62=$N$6,"EXPEDIÇÃO",""))))) -> RECEBIMENTO | K62: =IFERROR(__xludf.DUMMYFUNCTION("""COMPUTED_VALUE"""),"Silvana Da Silva Pereira") -> Silvana Da Silva Pereira
A63: =IFERROR(__xludf.DUMMYFUNCTION("""COMPUTED_VALUE"""),45890.0) -> 45890 | B63: =IFERROR(__xludf.DUMMYFUNCTION("""COMPUTED_VALUE"""),"MCC046UC0216") -> MCC046UC0216 | C63: =IFERROR(__xludf.DUMMYFUNCTION("""COMPUTED_VALUE"""),"CANETA ESFEROGRAFICA ECONOMIC PRETA BIC") -> CANETA ESFEROGRAFICA ECONOMIC PRETA BIC | D63: =IFERROR(__xludf.DUMMYFUNCTION("""COMPUTED_VALUE"""),8.0) -> 8 | E63: =IFERROR(__xludf.DUMMYFUNCTION("""COMPUTED_VALUE"""),"Saída") -> Saída | F63: =IFERROR(__xludf.DUMMYFUNCTION("""COMPUTED_VALUE"""),"Estoque:package:") -> Estoque:package: | G63: {=XLOOKUP(B63,'Página9'!A:A,'Página9'!F:F,"")} -> 89 | H63: {=XLOOKUP(B63,'Página9'!A:A,'Página9'!C:C,"")} -> 15 | I63: {=XLOOKUP(B63,'Página9'!A:A,'Página9'!G:G,"")} -> OK | J63: =IF(F63=$N$2,"RECEBIMENTO",IF(F63=$N$3,"CIQ",IF(F63=$N$4,"PMM",IF(F63=$N$5,"ESTOQUE",IF(F63=$N$6,"EXPEDIÇÃO",""))))) -> ESTOQUE | K63: =IFERROR(__xludf.DUMMYFUNCTION("""COMPUTED_VALUE"""),"Paulo Henrique Chagas De Oliveira") -> Paulo Henrique Chagas De Oliveira
A64: =IFERROR(__xludf.DUMMYFUNCTION("""COMPUTED_VALUE"""),45890.0) -> 45890 | B64: =IFERROR(__xludf.DUMMYFUNCTION("""COMPUTED_VALUE"""),"MCC046UC0216") -> MCC046UC0216 | C64: =IFERROR(__xludf.DUMMYFUNCTION("""COMPUTED_VALUE"""),"CANETA ESFEROGRAFICA ECONOMIC PRETA BIC") -> CANETA ESFEROGRAFICA ECONOMIC PRETA BIC | D64: =IFERROR(__xludf.DUMMYFUNCTION("""COMPUTED_VALUE"""),4.0) -> 4 | E64: =IFERROR(__xludf.DUMMYFUNCTION("""COMPUTED_VALUE"""),"Saída") -> Saída | F64: =IFERROR(__xludf.DUMMYFUNCTION("""COMPUTED_VALUE"""),"Estoque:package:") -> Estoque:package: | G64: {=XLOOKUP(B64,'Página9'!A:A,'Página9'!F:F,"")} -> 89 | H64: {=XLOOKUP(B64,'Página9'!A:A,'Página9'!C:C,"")} -> 15 | I64: {=XLOOKUP(B64,'Página9'!A:A,'Página9'!G:G,"")} -> OK | J64: =IF(F64=$N$2,"RECEBIMENTO",IF(F64=$N$3,"CIQ",IF(F64=$N$4,"PMM",IF(F64=$N$5,"ESTOQUE",IF(F64=$N$6,"EXPEDIÇÃO",""))))) -> ESTOQUE | K64: =IFERROR(__xludf.DUMMYFUNCTION("""COMPUTED_VALUE"""),"Silvana Da Silva Pereira") -> Silvana Da Silva Pereira
A65: =IFERROR(__xludf.DUMMYFUNCTION("""COMPUTED_VALUE"""),45890.0) -> 45890 | B65: =IFERROR(__xludf.DUMMYFUNCTION("""COMPUTED_VALUE"""),"MCC046UC0596") -> MCC046UC0596 | C65: =IFERROR(__xludf.DUMMYFUNCTION("""COMPUTED_VALUE"""),"ETIQUETA ADESIVA COUCHE BRANCA - 105X150MM SAS") -> ETIQUETA ADESIVA COUCHE BRANCA - 105X150MM SAS | D65: =IFERROR(__xludf.DUMMYFUNCTION("""COMPUTED_VALUE"""),4.0) -> 4 | E65: =IFERROR(__xludf.DUMMYFUNCTION("""COMPUTED_VALUE"""),"Saída") -> Saída | F65: =IFERROR(__xludf.DUMMYFUNCTION("""COMPUTED_VALUE"""),"Recebimento:truck:") -> Recebimento:truck: | G65: {=XLOOKUP(B65,'Página9'!A:A,'Página9'!F:F,"")} -> 157 | H65: {=XLOOKUP(B65,'Página9'!A:A,'Página9'!C:C,"")} -> 20 | I65: {=XLOOKUP(B65,'Página9'!A:A,'Página9'!G:G,"")} -> OK | J65: =IF(F65=$N$2,"RECEBIMENTO",IF(F65=$N$3,"CIQ",IF(F65=$N$4,"PMM",IF(F65=$N$5,"ESTOQUE",IF(F65=$N$6,"EXPEDIÇÃO",""))))) -> RECEBIMENTO | K65: =IFERROR(__xludf.DUMMYFUNCTION("""COMPUTED_VALUE"""),"Silvana Da Silva Pereira") -> Silvana Da Silva Pereira
A66: =IFERROR(__xludf.DUMMYFUNCTION("""COMPUTED_VALUE"""),45890.0) -> 45890 | B66: =IFERROR(__xludf.DUMMYFUNCTION("""COMPUTED_VALUE"""),"MCC046UC0668") -> MCC046UC0668 | C66: =IFERROR(__xludf.DUMMYFUNCTION("""COMPUTED_VALUE"""),"ETIQUETA ADESIVA COUCHE CINZA 100X150X1") -> ETIQUETA ADESIVA COUCHE CINZA 100X150X1 | D66: =IFERROR(__xludf.DUMMYFUNCTION("""COMPUTED_VALUE"""),4.0) -> 4 | E66: =IFERROR(__xludf.DUMMYFUNCTION("""COMPUTED_VALUE"""),"Saída") -> Saída | F66: =IFERROR(__xludf.DUMMYFUNCTION("""COMPUTED_VALUE"""),"Recebimento:truck:") -> Recebimento:truck: | G66: {=XLOOKUP(B66,'Página9'!A:A,'Página9'!F:F,"")} -> 104 | H66: {=XLOOKUP(B66,'Página9'!A:A,'Página9'!C:C,"")} -> 5 | I66: {=XLOOKUP(B66,'Página9'!A:A,'Página9'!G:G,"")} -> OK | J66: =IF(F66=$N$2,"RECEBIMENTO",IF(F66=$N$3,"CIQ",IF(F66=$N$4,"PMM",IF(F66=$N$5,"ESTOQUE",IF(F66=$N$6,"EXPEDIÇÃO",""))))) -> RECEBIMENTO | K66: =IFERROR(__xludf.DUMMYFUNCTION("""COMPUTED_VALUE"""),"Silvana Da Silva Pereira") -> Silvana Da Silva Pereira
A67: =IFERROR(__xludf.DUMMYFUNCTION("""COMPUTED_VALUE"""),45890.0) -> 45890 | B67: =IFERROR(__xludf.DUMMYFUNCTION("""COMPUTED_VALUE"""),"MCC015UC0045") -> MCC015UC0045 | C67: =IFERROR(__xludf.DUMMYFUNCTION("""COMPUTED_VALUE"""),"FITA ADESIVA 69MM X 100M") -> FITA ADESIVA 69MM X 100M | D67: =IFERROR(__xludf.DUMMYFUNCTION("""COMPUTED_VALUE"""),12.0) -> 12 | E67: =IFERROR(__xludf.DUMMYFUNCTION("""COMPUTED_VALUE"""),"Saída") -> Saída | F67: =IFERROR(__xludf.DUMMYFUNCTION("""COMPUTED_VALUE"""),"Recebimento:truck:") -> Recebimento:truck: | G67: {=XLOOKUP(B67,'Página9'!A:A,'Página9'!F:F,"")} -> 287 | H67: {=XLOOKUP(B67,'Página9'!A:A,'Página9'!C:C,"")} -> 20 | I67: {=XLOOKUP(B67,'Página9'!A:A,'Página9'!G:G,"")} -> OK | J67: =IF(F67=$N$2,"RECEBIMENTO",IF(F67=$N$3,"CIQ",IF(F67=$N$4,"PMM",IF(F67=$N$5,"ESTOQUE",IF(F67=$N$6,"EXPEDIÇÃO",""))))) -> RECEBIMENTO | K67: =IFERROR(__xludf.DUMMYFUNCTION("""COMPUTED_VALUE"""),"Silvana Da Silva Pereira") -> Silvana Da Silva Pereira
A68: =IFERROR(__xludf.DUMMYFUNCTION("""COMPUTED_VALUE"""),45890.0) -> 45890 | B68: =IFERROR(__xludf.DUMMYFUNCTION("""COMPUTED_VALUE"""),"MCC046UC0597") -> MCC046UC0597 | C68: =IFERROR(__xludf.DUMMYFUNCTION("""COMPUTED_VALUE"""),"ETIQUETA ADESIVA COUCHE ROSA - SAS 105X150MM") -> ETIQUETA ADESIVA COUCHE ROSA - SAS 105X150MM | D68: =IFERROR(__xludf.DUMMYFUNCTION("""COMPUTED_VALUE"""),6.0) -> 6 | E68: =IFERROR(__xludf.DUMMYFUNCTION("""COMPUTED_VALUE"""),"Saída") -> Saída | F68: =IFERROR(__xludf.DUMMYFUNCTION("""COMPUTED_VALUE"""),"CIQ :qualidade:") -> CIQ :qualidade: | G68: {=XLOOKUP(B68,'Página9'!A:A,'Página9'!F:F,"")} -> 64 | H68: {=XLOOKUP(B68,'Página9'!A:A,'Página9'!C:C,"")} -> 5 | I68: {=XLOOKUP(B68,'Página9'!A:A,'Página9'!G:G,"")} -> OK | J68: =IF(F68=$N$2,"RECEBIMENTO",IF(F68=$N$3,"CIQ",IF(F68=$N$4,"PMM",IF(F68=$N$5,"ESTOQUE",IF(F68=$N$6,"EXPEDIÇÃO",""))))) -> CIQ | K68: =IFERROR(__xludf.DUMMYFUNCTION("""COMPUTED_VALUE"""),"Silvana Da Silva Pereira") -> Silvana Da Silva Pereira
A69: =IFERROR(__xludf.DUMMYFUNCTION("""COMPUTED_VALUE"""),45890.0) -> 45890 | B69: =IFERROR(__xludf.DUMMYFUNCTION("""COMPUTED_VALUE"""),"MCC046UC0658") -> MCC046UC0658 | C69: =IFERROR(__xludf.DUMMYFUNCTION("""COMPUTED_VALUE"""),"ETIQUETA ADESIVA COUCHE LARANJA 100X150X1") -> ETIQUETA ADESIVA COUCHE LARANJA 100X150X1 | D69: =IFERROR(__xludf.DUMMYFUNCTION("""COMPUTED_VALUE"""),4.0) -> 4 | E69: =IFERROR(__xludf.DUMMYFUNCTION("""COMPUTED_VALUE"""),"Saída") -> Saída | F69: =IFERROR(__xludf.DUMMYFUNCTION("""COMPUTED_VALUE"""),"Estoque:package:") -> Estoque:package: | G69: {=XLOOKUP(B69,'Página9'!A:A,'Página9'!F:F,"")} -> 32 | H69: {=XLOOKUP(B69,'Página9'!A:A,'Página9'!C:C,"")} -> 5 | I69: {=XLOOKUP(B69,'Página9'!A:A,'Página9'!G:G,"")} -> OK | J69: =IF(F69=$N$2,"RECEBIMENTO",IF(F69=$N$3,"CIQ",IF(F69=$N$4,"PMM",IF(F69=$N$5,"ESTOQUE",IF(F69=$N$6,"EXPEDIÇÃO",""))))) -> ESTOQUE | K69: =IFERROR(__xludf.DUMMYFUNCTION("""COMPUTED_VALUE"""),"Silvana Da Silva Pereira") -> Silvana Da Silva Pereira
A70: =IFERROR(__xludf.DUMMYFUNCTION("""COMPUTED_VALUE"""),45890.0) -> 45890 | B70: =IFERROR(__xludf.DUMMYFUNCTION("""COMPUTED_VALUE"""),"MCC049UC0600") -> MCC049UC0600 | C70: =IFERROR(__xludf.DUMMYFUNCTION("""COMPUTED_VALUE"""),"FITA ADESIVA P/ CACHORRO PERSONALIZADA") -> FITA ADESIVA P/ CACHORRO PERSONALIZADA | D70: =IFERROR(__xludf.DUMMYFUNCTION("""COMPUTED_VALUE"""),6.0) -> 6 | E70: =IFERROR(__xludf.DUMMYFUNCTION("""COMPUTED_VALUE"""),"Saída") -> Saída | F70: =IFERROR(__xludf.DUMMYFUNCTION("""COMPUTED_VALUE"""),"Recebimento:truck:") -> Recebimento:truck: | G70: {=XLOOKUP(B70,'Página9'!A:A,'Página9'!F:F,"")} -> 156 | H70: {=XLOOKUP(B70,'Página9'!A:A,'Página9'!C:C,"")} -> 10 | I70: {=XLOOKUP(B70,'Página9'!A:A,'Página9'!G:G,"")} -> OK | J70: =IF(F70=$N$2,"RECEBIMENTO",IF(F70=$N$3,"CIQ",IF(F70=$N$4,"PMM",IF(F70=$N$5,"ESTOQUE",IF(F70=$N$6,"EXPEDIÇÃO",""))))) -> RECEBIMENTO | K70: =IFERROR(__xludf.DUMMYFUNCTION("""COMPUTED_VALUE"""),"Silvana Da Silva Pereira") -> Silvana Da Silva Pereira
A71: =IFERROR(__xludf.DUMMYFUNCTION("""COMPUTED_VALUE"""),45890.0) -> 45890 | B71: =IFERROR(__xludf.DUMMYFUNCTION("""COMPUTED_VALUE"""),"MCC015UC0045") -> MCC015UC0045 | C71: =IFERROR(__xludf.DUMMYFUNCTION("""COMPUTED_VALUE"""),"FITA ADESIVA 69MM X 100M") -> FITA ADESIVA 69MM X 100M | D71: =IFERROR(__xludf.DUMMYFUNCTION("""COMPUTED_VALUE"""),1.0) -> 1 | E71: =IFERROR(__xludf.DUMMYFUNCTION("""COMPUTED_VALUE"""),"Saída") -> Saída | F71: =IFERROR(__xludf.DUMMYFUNCTION("""COMPUTED_VALUE"""),"Recebimento:truck:") -> Recebimento:truck: | G71: {=XLOOKUP(B71,'Página9'!A:A,'Página9'!F:F,"")} -> 287 | H71: {=XLOOKUP(B71,'Página9'!A:A,'Página9'!C:C,"")} -> 20 | I71: {=XLOOKUP(B71,'Página9'!A:A,'Página9'!G:G,"")} -> OK | J71: =IF(F71=$N$2,"RECEBIMENTO",IF(F71=$N$3,"CIQ",IF(F71=$N$4,"PMM",IF(F71=$N$5,"ESTOQUE",IF(F71=$N$6,"EXPEDIÇÃO",""))))) -> RECEBIMENTO | K71: =IFERROR(__xludf.DUMMYFUNCTION("""COMPUTED_VALUE"""),"Paulo Henrique Chagas De Oliveira") -> Paulo Henrique Chagas De Oliveira
A72: =IFERROR(__xludf.DUMMYFUNCTION("""COMPUTED_VALUE"""),45890.0) -> 45890 | B72: =IFERROR(__xludf.DUMMYFUNCTION("""COMPUTED_VALUE"""),"MCC049UC0610") -> MCC049UC0610 | C72: =IFERROR(__xludf.DUMMYFUNCTION("""COMPUTED_VALUE"""),"GRAMPO PISTOLA ROCAMA 106/8 CX 5.000 UN") -> GRAMPO PISTOLA ROCAMA 106/8 CX 5.000 UN | D72: =IFERROR(__xludf.DUMMYFUNCTION("""COMPUTED_VALUE"""),1.0) -> 1 | E72: =IFERROR(__xludf.DUMMYFUNCTION("""COMPUTED_VALUE"""),"Saída") -> Saída | F72: =IFERROR(__xludf.DUMMYFUNCTION("""COMPUTED_VALUE"""),"Estoque:package:") -> Estoque:package: | G72: {=XLOOKUP(B72,'Página9'!A:A,'Página9'!F:F,"")} -> -14 | H72: {=XLOOKUP(B72,'Página9'!A:A,'Página9'!C:C,"")} -> 1 | I72: {=XLOOKUP(B72,'Página9'!A:A,'Página9'!G:G,"")} -> REPOR ESTOQUE | J72: =IF(F72=$N$2,"RECEBIMENTO",IF(F72=$N$3,"CIQ",IF(F72=$N$4,"PMM",IF(F72=$N$5,"ESTOQUE",IF(F72=$N$6,"EXPEDIÇÃO",""))))) -> ESTOQUE | K72: =IFERROR(__xludf.DUMMYFUNCTION("""COMPUTED_VALUE"""),"Francisco Samuel Trindade Nascimento") -> Francisco Samuel Trindade Nascimento
A73: =IFERROR(__xludf.DUMMYFUNCTION("""COMPUTED_VALUE"""),45890.0) -> 45890 | B73: =IFERROR(__xludf.DUMMYFUNCTION("""COMPUTED_VALUE"""),"MCC046UC0398") -> MCC046UC0398 | C73: =IFERROR(__xludf.DUMMYFUNCTION("""COMPUTED_VALUE"""),"GRAMPO 26/6 COBREADO CX.C/5000 BACCHI") -> GRAMPO 26/6 COBREADO CX.C/5000 BACCHI | D73: =IFERROR(__xludf.DUMMYFUNCTION("""COMPUTED_VALUE"""),12.0) -> 12 | E73: =IFERROR(__xludf.DUMMYFUNCTION("""COMPUTED_VALUE"""),"Saída") -> Saída | F73: =IFERROR(__xludf.DUMMYFUNCTION("""COMPUTED_VALUE"""),"PMM:livro-voador:") -> PMM:livro-voador: | G73: {=XLOOKUP(B73,'Página9'!A:A,'Página9'!F:F,"")} -> -13 | H73: {=XLOOKUP(B73,'Página9'!A:A,'Página9'!C:C,"")} -> 3 | I73: {=XLOOKUP(B73,'Página9'!A:A,'Página9'!G:G,"")} -> REPOR ESTOQUE | J73: =IF(F73=$N$2,"RECEBIMENTO",IF(F73=$N$3,"CIQ",IF(F73=$N$4,"PMM",IF(F73=$N$5,"ESTOQUE",IF(F73=$N$6,"EXPEDIÇÃO",""))))) -> PMM | K73: =IFERROR(__xludf.DUMMYFUNCTION("""COMPUTED_VALUE"""),"Francisco Samuel Trindade Nascimento") -> Francisco Samuel Trindade Nascimento
A74: =IFERROR(__xludf.DUMMYFUNCTION("""COMPUTED_VALUE"""),45890.0) -> 45890 | B74: =IFERROR(__xludf.DUMMYFUNCTION("""COMPUTED_VALUE"""),"MCC046UC0695") -> MCC046UC0695 | C74: =IFERROR(__xludf.DUMMYFUNCTION("""COMPUTED_VALUE"""),"ETIQUETA COUCHE 98X50X1") -> ETIQUETA COUCHE 98X50X1 | D74: =IFERROR(__xludf.DUMMYFUNCTION("""COMPUTED_VALUE"""),1.0) -> 1 | E74: =IFERROR(__xludf.DUMMYFUNCTION("""COMPUTED_VALUE"""),"Saída") -> Saída | F74: =IFERROR(__xludf.DUMMYFUNCTION("""COMPUTED_VALUE"""),"PMM:livro-voador:") -> PMM:livro-voador: | G74: {=XLOOKUP(B74,'Página9'!A:A,'Página9'!F:F,"")} -> 256 | H74: {=XLOOKUP(B74,'Página9'!A:A,'Página9'!C:C,"")} -> 20 | I74: {=XLOOKUP(B74,'Página9'!A:A,'Página9'!G:G,"")} -> OK | J74: =IF(F74=$N$2,"RECEBIMENTO",IF(F74=$N$3,"CIQ",IF(F74=$N$4,"PMM",IF(F74=$N$5,"ESTOQUE",IF(F74=$N$6,"EXPEDIÇÃO",""))))) -> PMM | K74: =IFERROR(__xludf.DUMMYFUNCTION("""COMPUTED_VALUE"""),"Fabio Ferreira Pessoa") -> Fabio Ferreira Pessoa
A75: =IFERROR(__xludf.DUMMYFUNCTION("""COMPUTED_VALUE"""),45890.0) -> 45890 | B75: =IFERROR(__xludf.DUMMYFUNCTION("""COMPUTED_VALUE"""),"MCC046UC0587") -> MCC046UC0587 | C75: =IFERROR(__xludf.DUMMYFUNCTION("""COMPUTED_VALUE"""),"TESOURA USO GERAL 21CM MUNDIAL 160-8N") -> TESOURA USO GERAL 21CM MUNDIAL 160-8N | D75: =IFERROR(__xludf.DUMMYFUNCTION("""COMPUTED_VALUE"""),1.0) -> 1 | E75: =IFERROR(__xludf.DUMMYFUNCTION("""COMPUTED_VALUE"""),"Saída") -> Saída | F75: =IFERROR(__xludf.DUMMYFUNCTION("""COMPUTED_VALUE"""),"PMM:livro-voador:") -> PMM:livro-voador: | G75: {=XLOOKUP(B75,'Página9'!A:A,'Página9'!F:F,"")} -> -1 | H75: {=XLOOKUP(B75,'Página9'!A:A,'Página9'!C:C,"")} -> 2 | I75: {=XLOOKUP(B75,'Página9'!A:A,'Página9'!G:G,"")} -> REPOR ESTOQUE | J75: =IF(F75=$N$2,"RECEBIMENTO",IF(F75=$N$3,"CIQ",IF(F75=$N$4,"PMM",IF(F75=$N$5,"ESTOQUE",IF(F75=$N$6,"EXPEDIÇÃO",""))))) -> PMM | K75: =IFERROR(__xludf.DUMMYFUNCTION("""COMPUTED_VALUE"""),"Jose Antoniel Silva Mesquita") -> Jose Antoniel Silva Mesquita
A76: =IFERROR(__xludf.DUMMYFUNCTION("""COMPUTED_VALUE"""),45891.0) -> 45891 | B76: =IFERROR(__xludf.DUMMYFUNCTION("""COMPUTED_VALUE"""),"MCC015UC0045") -> MCC015UC0045 | C76: =IFERROR(__xludf.DUMMYFUNCTION("""COMPUTED_VALUE"""),"FITA ADESIVA 69MM X 100M") -> FITA ADESIVA 69MM X 100M | D76: =IFERROR(__xludf.DUMMYFUNCTION("""COMPUTED_VALUE"""),2.0) -> 2 | E76: =IFERROR(__xludf.DUMMYFUNCTION("""COMPUTED_VALUE"""),"Saída") -> Saída | F76: =IFERROR(__xludf.DUMMYFUNCTION("""COMPUTED_VALUE"""),"Estoque:package:") -> Estoque:package: | G76: {=XLOOKUP(B76,'Página9'!A:A,'Página9'!F:F,"")} -> 287 | H76: {=XLOOKUP(B76,'Página9'!A:A,'Página9'!C:C,"")} -> 20 | I76: {=XLOOKUP(B76,'Página9'!A:A,'Página9'!G:G,"")} -> OK | J76: =IF(F76=$N$2,"RECEBIMENTO",IF(F76=$N$3,"CIQ",IF(F76=$N$4,"PMM",IF(F76=$N$5,"ESTOQUE",IF(F76=$N$6,"EXPEDIÇÃO",""))))) -> ESTOQUE | K76: =IFERROR(__xludf.DUMMYFUNCTION("""COMPUTED_VALUE"""),"Francisco Samuel Trindade Nascimento") -> Francisco Samuel Trindade Nascimento
A77: =IFERROR(__xludf.DUMMYFUNCTION("""COMPUTED_VALUE"""),45891.0) -> 45891 | B77: =IFERROR(__xludf.DUMMYFUNCTION("""COMPUTED_VALUE"""),"MCC015UC0045") -> MCC015UC0045 | C77: =IFERROR(__xludf.DUMMYFUNCTION("""COMPUTED_VALUE"""),"FITA ADESIVA 69MM X 100M") -> FITA ADESIVA 69MM X 100M | D77: =IFERROR(__xludf.DUMMYFUNCTION("""COMPUTED_VALUE"""),6.0) -> 6 | E77: =IFERROR(__xludf.DUMMYFUNCTION("""COMPUTED_VALUE"""),"Saída") -> Saída | F77: =IFERROR(__xludf.DUMMYFUNCTION("""COMPUTED_VALUE"""),"Expedição:ex-escolas-exponenciais:") -> Expedição:ex-escolas-exponenciais: | G77: {=XLOOKUP(B77,'Página9'!A:A,'Página9'!F:F,"")} -> 287 | H77: {=XLOOKUP(B77,'Página9'!A:A,'Página9'!C:C,"")} -> 20 | I77: {=XLOOKUP(B77,'Página9'!A:A,'Página9'!G:G,"")} -> OK | J77: =IF(F77=$N$2,"RECEBIMENTO",IF(F77=$N$3,"CIQ",IF(F77=$N$4,"PMM",IF(F77=$N$5,"ESTOQUE",IF(F77=$N$6,"EXPEDIÇÃO",""))))) -> EXPEDIÇÃO | K77: =IFERROR(__xludf.DUMMYFUNCTION("""COMPUTED_VALUE"""),"Silvana Da Silva Pereira") -> Silvana Da Silva Pereira
A78: =IFERROR(__xludf.DUMMYFUNCTION("""COMPUTED_VALUE"""),45891.0) -> 45891 | B78: =IFERROR(__xludf.DUMMYFUNCTION("""COMPUTED_VALUE"""),"MCC046UC0638") -> MCC046UC0638 | C78: =IFERROR(__xludf.DUMMYFUNCTION("""COMPUTED_VALUE"""),"PILHA ALCALINA ELGIN PALITO AAA") -> PILHA ALCALINA ELGIN PALITO AAA | D78: =IFERROR(__xludf.DUMMYFUNCTION("""COMPUTED_VALUE"""),4.0) -> 4 | E78: =IFERROR(__xludf.DUMMYFUNCTION("""COMPUTED_VALUE"""),"Saída") -> Saída | F78: =IFERROR(__xludf.DUMMYFUNCTION("""COMPUTED_VALUE"""),"PMM:livro-voador:") -> PMM:livro-voador: | G78: {=XLOOKUP(B78,'Página9'!A:A,'Página9'!F:F,"")} -> 32 | H78: {=XLOOKUP(B78,'Página9'!A:A,'Página9'!C:C,"")} -> 4 | I78: {=XLOOKUP(B78,'Página9'!A:A,'Página9'!G:G,"")} -> OK | J78: =IF(F78=$N$2,"RECEBIMENTO",IF(F78=$N$3,"CIQ",IF(F78=$N$4,"PMM",IF(F78=$N$5,"ESTOQUE",IF(F78=$N$6,"EXPEDIÇÃO",""))))) -> PMM | K78: =IFERROR(__xludf.DUMMYFUNCTION("""COMPUTED_VALUE"""),"Diego Araujo Dias") -> Diego Araujo Dias
A79: =IFERROR(__xludf.DUMMYFUNCTION("""COMPUTED_VALUE"""),45892.0) -> 45892 | B79: =IFERROR(__xludf.DUMMYFUNCTION("""COMPUTED_VALUE"""),"MCC046UC0695") -> MCC046UC0695 | C79: =IFERROR(__xludf.DUMMYFUNCTION("""COMPUTED_VALUE"""),"ETIQUETA COUCHE 98X50X1") -> ETIQUETA COUCHE 98X50X1 | D79: =IFERROR(__xludf.DUMMYFUNCTION("""COMPUTED_VALUE"""),1.0) -> 1 | E79: =IFERROR(__xludf.DUMMYFUNCTION("""COMPUTED_VALUE"""),"Saída") -> Saída | F79: =IFERROR(__xludf.DUMMYFUNCTION("""COMPUTED_VALUE"""),"Expedição:ex-escolas-exponenciais:") -> Expedição:ex-escolas-exponenciais: | G79: {=XLOOKUP(B79,'Página9'!A:A,'Página9'!F:F,"")} -> 256 | H79: {=XLOOKUP(B79,'Página9'!A:A,'Página9'!C:C,"")} -> 20 | I79: {=XLOOKUP(B79,'Página9'!A:A,'Página9'!G:G,"")} -> OK | J79: =IF(F79=$N$2,"RECEBIMENTO",IF(F79=$N$3,"CIQ",IF(F79=$N$4,"PMM",IF(F79=$N$5,"ESTOQUE",IF(F79=$N$6,"EXPEDIÇÃO",""))))) -> EXPEDIÇÃO | K79: =IFERROR(__xludf.DUMMYFUNCTION("""COMPUTED_VALUE"""),"Pedro Lucas Matias Do Nascimento") -> Pedro Lucas Matias Do Nascimento
A80: =IFERROR(__xludf.DUMMYFUNCTION("""COMPUTED_VALUE"""),45892.0) -> 45892 | B80: =IFERROR(__xludf.DUMMYFUNCTION("""COMPUTED_VALUE"""),"MCC015UC0045") -> MCC015UC0045 | C80: =IFERROR(__xludf.DUMMYFUNCTION("""COMPUTED_VALUE"""),"FITA ADESIVA 69MM X 100M") -> FITA ADESIVA 69MM X 100M | D80: =IFERROR(__xludf.DUMMYFUNCTION("""COMPUTED_VALUE"""),1.0) -> 1 | E80: =IFERROR(__xludf.DUMMYFUNCTION("""COMPUTED_VALUE"""),"Saída") -> Saída | F80: =IFERROR(__xludf.DUMMYFUNCTION("""COMPUTED_VALUE"""),"Recebimento:truck:") -> Recebimento:truck: | G80: {=XLOOKUP(B80,'Página9'!A:A,'Página9'!F:F,"")} -> 287 | H80: {=XLOOKUP(B80,'Página9'!A:A,'Página9'!C:C,"")} -> 20 | I80: {=XLOOKUP(B80,'Página9'!A:A,'Página9'!G:G,"")} -> OK | J80: =IF(F80=$N$2,"RECEBIMENTO",IF(F80=$N$3,"CIQ",IF(F80=$N$4,"PMM",IF(F80=$N$5,"ESTOQUE",IF(F80=$N$6,"EXPEDIÇÃO",""))))) -> RECEBIMENTO | K80: =IFERROR(__xludf.DUMMYFUNCTION("""COMPUTED_VALUE"""),"Jose Antoniel Silva Mesquita") -> Jose Antoniel Silva Mesquita
A81: =IFERROR(__xludf.DUMMYFUNCTION("""COMPUTED_VALUE"""),45894.0) -> 45894 | B81: =IFERROR(__xludf.DUMMYFUNCTION("""COMPUTED_VALUE"""),"MCC015UC0045") -> MCC015UC0045 | C81: =IFERROR(__xludf.DUMMYFUNCTION("""COMPUTED_VALUE"""),"FITA ADESIVA 69MM X 100M") -> FITA ADESIVA 69MM X 100M | D81: =IFERROR(__xludf.DUMMYFUNCTION("""COMPUTED_VALUE"""),10.0) -> 10 | E81: =IFERROR(__xludf.DUMMYFUNCTION("""COMPUTED_VALUE"""),"Saída") -> Saída | F81: =IFERROR(__xludf.DUMMYFUNCTION("""COMPUTED_VALUE"""),"Recebimento:truck:") -> Recebimento:truck: | G81: {=XLOOKUP(B81,'Página9'!A:A,'Página9'!F:F,"")} -> 287 | H81: {=XLOOKUP(B81,'Página9'!A:A,'Página9'!C:C,"")} -> 20 | I81: {=XLOOKUP(B81,'Página9'!A:A,'Página9'!G:G,"")} -> OK | J81: =IF(F81=$N$2,"RECEBIMENTO",IF(F81=$N$3,"CIQ",IF(F81=$N$4,"PMM",IF(F81=$N$5,"ESTOQUE",IF(F81=$N$6,"EXPEDIÇÃO",""))))) -> RECEBIMENTO | K81: =IFERROR(__xludf.DUMMYFUNCTION("""COMPUTED_VALUE"""),"Jose Edervanio Lima Mateus") -> Jose Edervanio Lima Mateus
A82: =IFERROR(__xludf.DUMMYFUNCTION("""COMPUTED_VALUE"""),45894.0) -> 45894 | B82: =IFERROR(__xludf.DUMMYFUNCTION("""COMPUTED_VALUE"""),"MCC015UC0045") -> MCC015UC0045 | C82: =IFERROR(__xludf.DUMMYFUNCTION("""COMPUTED_VALUE"""),"FITA ADESIVA 69MM X 100M") -> FITA ADESIVA 69MM X 100M | D82: =IFERROR(__xludf.DUMMYFUNCTION("""COMPUTED_VALUE"""),10.0) -> 10 | E82: =IFERROR(__xludf.DUMMYFUNCTION("""COMPUTED_VALUE"""),"Saída") -> Saída | F82: =IFERROR(__xludf.DUMMYFUNCTION("""COMPUTED_VALUE"""),"CIQ :qualidade:") -> CIQ :qualidade: | G82: {=XLOOKUP(B82,'Página9'!A:A,'Página9'!F:F,"")} -> 287 | H82: {=XLOOKUP(B82,'Página9'!A:A,'Página9'!C:C,"")} -> 20 | I82: {=XLOOKUP(B82,'Página9'!A:A,'Página9'!G:G,"")} -> OK | J82: =IF(F82=$N$2,"RECEBIMENTO",IF(F82=$N$3,"CIQ",IF(F82=$N$4,"PMM",IF(F82=$N$5,"ESTOQUE",IF(F82=$N$6,"EXPEDIÇÃO",""))))) -> CIQ | K82: =IFERROR(__xludf.DUMMYFUNCTION("""COMPUTED_VALUE"""),"Jose Edervanio Lima Mateus") -> Jose Edervanio Lima Mateus
A83: =IFERROR(__xludf.DUMMYFUNCTION("""COMPUTED_VALUE"""),45894.0) -> 45894 | B83: =IFERROR(__xludf.DUMMYFUNCTION("""COMPUTED_VALUE"""),"MCC015UC0008") -> MCC015UC0008 | C83: =IFERROR(__xludf.DUMMYFUNCTION("""COMPUTED_VALUE"""),"FILME STRETCH 500X25") -> FILME STRETCH 500X25 | D83: =IFERROR(__xludf.DUMMYFUNCTION("""COMPUTED_VALUE"""),1.0) -> 1 | E83: =IFERROR(__xludf.DUMMYFUNCTION("""COMPUTED_VALUE"""),"Saída") -> Saída | F83: =IFERROR(__xludf.DUMMYFUNCTION("""COMPUTED_VALUE"""),"Recebimento:truck:") -> Recebimento:truck: | G83: {=XLOOKUP(B83,'Página9'!A:A,'Página9'!F:F,"")} -> -158 | H83: {=XLOOKUP(B83,'Página9'!A:A,'Página9'!C:C,"")} -> 40 | I83: {=XLOOKUP(B83,'Página9'!A:A,'Página9'!G:G,"")} -> REPOR ESTOQUE | J83: =IF(F83=$N$2,"RECEBIMENTO",IF(F83=$N$3,"CIQ",IF(F83=$N$4,"PMM",IF(F83=$N$5,"ESTOQUE",IF(F83=$N$6,"EXPEDIÇÃO",""))))) -> RECEBIMENTO | K83: =IFERROR(__xludf.DUMMYFUNCTION("""COMPUTED_VALUE"""),"Pericles Cavalcante De Lima Maciel") -> Pericles Cavalcante De Lima Maciel
A84: =IFERROR(__xludf.DUMMYFUNCTION("""COMPUTED_VALUE"""),45894.0) -> 45894 | B84: =IFERROR(__xludf.DUMMYFUNCTION("""COMPUTED_VALUE"""),"MCC049UC0610") -> MCC049UC0610 | C84: =IFERROR(__xludf.DUMMYFUNCTION("""COMPUTED_VALUE"""),"GRAMPO PISTOLA ROCAMA 106/8 CX 5.000 UN") -> GRAMPO PISTOLA ROCAMA 106/8 CX 5.000 UN | D84: =IFERROR(__xludf.DUMMYFUNCTION("""COMPUTED_VALUE"""),1.0) -> 1 | E84: =IFERROR(__xludf.DUMMYFUNCTION("""COMPUTED_VALUE"""),"Saída") -> Saída | F84: =IFERROR(__xludf.DUMMYFUNCTION("""COMPUTED_VALUE"""),"Recebimento:truck:") -> Recebimento:truck: | G84: {=XLOOKUP(B84,'Página9'!A:A,'Página9'!F:F,"")} -> -14 | H84: {=XLOOKUP(B84,'Página9'!A:A,'Página9'!C:C,"")} -> 1 | I84: {=XLOOKUP(B84,'Página9'!A:A,'Página9'!G:G,"")} -> REPOR ESTOQUE | J84: =IF(F84=$N$2,"RECEBIMENTO",IF(F84=$N$3,"CIQ",IF(F84=$N$4,"PMM",IF(F84=$N$5,"ESTOQUE",IF(F84=$N$6,"EXPEDIÇÃO",""))))) -> RECEBIMENTO | K84: =IFERROR(__xludf.DUMMYFUNCTION("""COMPUTED_VALUE"""),"Fabio Ferreira Pessoa") -> Fabio Ferreira Pessoa
A85: =IFERROR(__xludf.DUMMYFUNCTION("""COMPUTED_VALUE"""),45894.0) -> 45894 | B85: =IFERROR(__xludf.DUMMYFUNCTION("""COMPUTED_VALUE"""),"MCC046UC0082") -> MCC046UC0082 | C85: =IFERROR(__xludf.DUMMYFUNCTION("""COMPUTED_VALUE"""),"PAPEL SULFITE A4 75G 500 FOLHAS") -> PAPEL SULFITE A4 75G 500 FOLHAS | D85: =IFERROR(__xludf.DUMMYFUNCTION("""COMPUTED_VALUE"""),2.0) -> 2 | E85: =IFERROR(__xludf.DUMMYFUNCTION("""COMPUTED_VALUE"""),"Saída") -> Saída | F85: =IFERROR(__xludf.DUMMYFUNCTION("""COMPUTED_VALUE"""),"Recebimento:truck:") -> Recebimento:truck: | G85: {=XLOOKUP(B85,'Página9'!A:A,'Página9'!F:F,"")} -> 163 | H85: {=XLOOKUP(B85,'Página9'!A:A,'Página9'!C:C,"")} -> 10 | I85: {=XLOOKUP(B85,'Página9'!A:A,'Página9'!G:G,"")} -> OK | J85: =IF(F85=$N$2,"RECEBIMENTO",IF(F85=$N$3,"CIQ",IF(F85=$N$4,"PMM",IF(F85=$N$5,"ESTOQUE",IF(F85=$N$6,"EXPEDIÇÃO",""))))) -> RECEBIMENTO | K85: =IFERROR(__xludf.DUMMYFUNCTION("""COMPUTED_VALUE"""),"Francisco Edson Oliveira Dos Santos Vieira") -> Francisco Edson Oliveira Dos Santos Vieira
A86: =IFERROR(__xludf.DUMMYFUNCTION("""COMPUTED_VALUE"""),45896.0) -> 45896 | B86: =IFERROR(__xludf.DUMMYFUNCTION("""COMPUTED_VALUE"""),"MCC046UC0639") -> MCC046UC0639 | C86: =IFERROR(__xludf.DUMMYFUNCTION("""COMPUTED_VALUE"""),"PILHA ALCALINA ELGIN PEQ.AA") -> PILHA ALCALINA ELGIN PEQ.AA | D86: =IFERROR(__xludf.DUMMYFUNCTION("""COMPUTED_VALUE"""),1.0) -> 1 | E86: =IFERROR(__xludf.DUMMYFUNCTION("""COMPUTED_VALUE"""),"Saída") -> Saída | F86: =IFERROR(__xludf.DUMMYFUNCTION("""COMPUTED_VALUE"""),"Estoque:package:") -> Estoque:package: | G86: {=XLOOKUP(B86,'Página9'!A:A,'Página9'!F:F,"")} -> -5 | H86: {=XLOOKUP(B86,'Página9'!A:A,'Página9'!C:C,"")} -> 4 | I86: {=XLOOKUP(B86,'Página9'!A:A,'Página9'!G:G,"")} -> REPOR ESTOQUE | J86: =IF(F86=$N$2,"RECEBIMENTO",IF(F86=$N$3,"CIQ",IF(F86=$N$4,"PMM",IF(F86=$N$5,"ESTOQUE",IF(F86=$N$6,"EXPEDIÇÃO",""))))) -> ESTOQUE | K86: =IFERROR(__xludf.DUMMYFUNCTION("""COMPUTED_VALUE"""),"Francisco Edson Oliveira Dos Santos Vieira") -> Francisco Edson Oliveira Dos Santos Vieira
A87: =IFERROR(__xludf.DUMMYFUNCTION("""COMPUTED_VALUE"""),45896.0) -> 45896 | B87: =IFERROR(__xludf.DUMMYFUNCTION("""COMPUTED_VALUE"""),"MCC015UC0045") -> MCC015UC0045 | C87: =IFERROR(__xludf.DUMMYFUNCTION("""COMPUTED_VALUE"""),"FITA ADESIVA 69MM X 100M") -> FITA ADESIVA 69MM X 100M | D87: =IFERROR(__xludf.DUMMYFUNCTION("""COMPUTED_VALUE"""),2.0) -> 2 | E87: =IFERROR(__xludf.DUMMYFUNCTION("""COMPUTED_VALUE"""),"Saída") -> Saída | F87: =IFERROR(__xludf.DUMMYFUNCTION("""COMPUTED_VALUE"""),"Recebimento:truck:") -> Recebimento:truck: | G87: {=XLOOKUP(B87,'Página9'!A:A,'Página9'!F:F,"")} -> 287 | H87: {=XLOOKUP(B87,'Página9'!A:A,'Página9'!C:C,"")} -> 20 | I87: {=XLOOKUP(B87,'Página9'!A:A,'Página9'!G:G,"")} -> OK | J87: =IF(F87=$N$2,"RECEBIMENTO",IF(F87=$N$3,"CIQ",IF(F87=$N$4,"PMM",IF(F87=$N$5,"ESTOQUE",IF(F87=$N$6,"EXPEDIÇÃO",""))))) -> RECEBIMENTO | K87: =IFERROR(__xludf.DUMMYFUNCTION("""COMPUTED_VALUE"""),"Marcio Sthefani Bessa De Oliveira") -> Marcio Sthefani Bessa De Oliveira
A88: =IFERROR(__xludf.DUMMYFUNCTION("""COMPUTED_VALUE"""),45896.0) -> 45896 | B88: =IFERROR(__xludf.DUMMYFUNCTION("""COMPUTED_VALUE"""),"MCC046UC0695") -> MCC046UC0695 | C88: =IFERROR(__xludf.DUMMYFUNCTION("""COMPUTED_VALUE"""),"ETIQUETA COUCHE 98X50X1") -> ETIQUETA COUCHE 98X50X1 | D88: =IFERROR(__xludf.DUMMYFUNCTION("""COMPUTED_VALUE"""),2.0) -> 2 | E88: =IFERROR(__xludf.DUMMYFUNCTION("""COMPUTED_VALUE"""),"Saída") -> Saída | F88: =IFERROR(__xludf.DUMMYFUNCTION("""COMPUTED_VALUE"""),"Estoque:package:") -> Estoque:package: | G88: {=XLOOKUP(B88,'Página9'!A:A,'Página9'!F:F,"")} -> 256 | H88: {=XLOOKUP(B88,'Página9'!A:A,'Página9'!C:C,"")} -> 20 | I88: {=XLOOKUP(B88,'Página9'!A:A,'Página9'!G:G,"")} -> OK | J88: =IF(F88=$N$2,"RECEBIMENTO",IF(F88=$N$3,"CIQ",IF(F88=$N$4,"PMM",IF(F88=$N$5,"ESTOQUE",IF(F88=$N$6,"EXPEDIÇÃO",""))))) -> ESTOQUE | K88: =IFERROR(__xludf.DUMMYFUNCTION("""COMPUTED_VALUE"""),"Allison Breno Da Costa Borges Soares") -> Allison Breno Da Costa Borges Soares
A89: =IFERROR(__xludf.DUMMYFUNCTION("""COMPUTED_VALUE"""),45898.0) -> 45898 | B89: =IFERROR(__xludf.DUMMYFUNCTION("""COMPUTED_VALUE"""),"MCC049UC0603") -> MCC049UC0603 | C89: =IFERROR(__xludf.DUMMYFUNCTION("""COMPUTED_VALUE"""),"PLASTICO PLASTIF. A-4 220/307 C/100 UN PROLAM") -> PLASTICO PLASTIF. A-4 220/307 C/100 UN PROLAM | D89: =IFERROR(__xludf.DUMMYFUNCTION("""COMPUTED_VALUE"""),18.0) -> 18 | E89: =IFERROR(__xludf.DUMMYFUNCTION("""COMPUTED_VALUE"""),"Saída") -> Saída | F89: =IFERROR(__xludf.DUMMYFUNCTION("""COMPUTED_VALUE"""),"Estoque:package:") -> Estoque:package: | G89: {=XLOOKUP(B89,'Página9'!A:A,'Página9'!F:F,"")} -> -504 | H89: {=XLOOKUP(B89,'Página9'!A:A,'Página9'!C:C,"")} -> 150 | I89: {=XLOOKUP(B89,'Página9'!A:A,'Página9'!G:G,"")} -> REPOR ESTOQUE | J89: =IF(F89=$N$2,"RECEBIMENTO",IF(F89=$N$3,"CIQ",IF(F89=$N$4,"PMM",IF(F89=$N$5,"ESTOQUE",IF(F89=$N$6,"EXPEDIÇÃO",""))))) -> ESTOQUE | K89: =IFERROR(__xludf.DUMMYFUNCTION("""COMPUTED_VALUE"""),"Marcio Sthefani Bessa De Oliveira") -> Marcio Sthefani Bessa De Oliveira
A90: =IFERROR(__xludf.DUMMYFUNCTION("""COMPUTED_VALUE"""),45898.0) -> 45898 | B90: =IFERROR(__xludf.DUMMYFUNCTION("""COMPUTED_VALUE"""),"MCC049UC0605") -> MCC049UC0605 | C90: =IFERROR(__xludf.DUMMYFUNCTION("""COMPUTED_VALUE"""),"FITA DE DEMARCAÇAO VERMELHA") -> FITA DE DEMARCAÇAO VERMELHA | D90: =IFERROR(__xludf.DUMMYFUNCTION("""COMPUTED_VALUE"""),3.0) -> 3 | E90: =IFERROR(__xludf.DUMMYFUNCTION("""COMPUTED_VALUE"""),"Saída") -> Saída | F90: =IFERROR(__xludf.DUMMYFUNCTION("""COMPUTED_VALUE"""),"Recebimento:truck:") -> Recebimento:truck: | G90: {=XLOOKUP(B90,'Página9'!A:A,'Página9'!F:F,"")} -> 6 | H90: {=XLOOKUP(B90,'Página9'!A:A,'Página9'!C:C,"")} -> 3 | I90: {=XLOOKUP(B90,'Página9'!A:A,'Página9'!G:G,"")} -> OK | J90: =IF(F90=$N$2,"RECEBIMENTO",IF(F90=$N$3,"CIQ",IF(F90=$N$4,"PMM",IF(F90=$N$5,"ESTOQUE",IF(F90=$N$6,"EXPEDIÇÃO",""))))) -> RECEBIMENTO | K90: =IFERROR(__xludf.DUMMYFUNCTION("""COMPUTED_VALUE"""),"Philipe Araujo Barroso") -> Philipe Araujo Barroso
A91: =IFERROR(__xludf.DUMMYFUNCTION("""COMPUTED_VALUE"""),45898.0) -> 45898 | B91: =IFERROR(__xludf.DUMMYFUNCTION("""COMPUTED_VALUE"""),"MCC049UC0603") -> MCC049UC0603 | C91: =IFERROR(__xludf.DUMMYFUNCTION("""COMPUTED_VALUE"""),"PLASTICO PLASTIF. A-4 220/307 C/100 UN PROLAM") -> PLASTICO PLASTIF. A-4 220/307 C/100 UN PROLAM | D91: =IFERROR(__xludf.DUMMYFUNCTION("""COMPUTED_VALUE"""),100.0) -> 100 | E91: =IFERROR(__xludf.DUMMYFUNCTION("""COMPUTED_VALUE"""),"Saída") -> Saída | F91: =IFERROR(__xludf.DUMMYFUNCTION("""COMPUTED_VALUE"""),"PMM:livro-voador:") -> PMM:livro-voador: | G91: {=XLOOKUP(B91,'Página9'!A:A,'Página9'!F:F,"")} -> -504 | H91: {=XLOOKUP(B91,'Página9'!A:A,'Página9'!C:C,"")} -> 150 | I91: {=XLOOKUP(B91,'Página9'!A:A,'Página9'!G:G,"")} -> REPOR ESTOQUE | J91: =IF(F91=$N$2,"RECEBIMENTO",IF(F91=$N$3,"CIQ",IF(F91=$N$4,"PMM",IF(F91=$N$5,"ESTOQUE",IF(F91=$N$6,"EXPEDIÇÃO",""))))) -> PMM | K91: =IFERROR(__xludf.DUMMYFUNCTION("""COMPUTED_VALUE"""),"Jackson Alves Sales") -> Jackson Alves Sales
A92: =IFERROR(__xludf.DUMMYFUNCTION("""COMPUTED_VALUE"""),45901.0) -> 45901 | B92: =IFERROR(__xludf.DUMMYFUNCTION("""COMPUTED_VALUE"""),"MCC046UC0687") -> MCC046UC0687 | C92: =IFERROR(__xludf.DUMMYFUNCTION("""COMPUTED_VALUE"""),"ETIQUETA COUCHE - 100X100X 1") -> ETIQUETA COUCHE - 100X100X 1 | D92: =IFERROR(__xludf.DUMMYFUNCTION("""COMPUTED_VALUE"""),1.0) -> 1 | E92: =IFERROR(__xludf.DUMMYFUNCTION("""COMPUTED_VALUE"""),"Saída") -> Saída | F92: =IFERROR(__xludf.DUMMYFUNCTION("""COMPUTED_VALUE"""),"PMM:livro-voador:") -> PMM:livro-voador: | G92: {=XLOOKUP(B92,'Página9'!A:A,'Página9'!F:F,"")} -> 335 | H92: {=XLOOKUP(B92,'Página9'!A:A,'Página9'!C:C,"")} -> 20 | I92: {=XLOOKUP(B92,'Página9'!A:A,'Página9'!G:G,"")} -> OK | J92: =IF(F92=$N$2,"RECEBIMENTO",IF(F92=$N$3,"CIQ",IF(F92=$N$4,"PMM",IF(F92=$N$5,"ESTOQUE",IF(F92=$N$6,"EXPEDIÇÃO",""))))) -> PMM | K92: =IFERROR(__xludf.DUMMYFUNCTION("""COMPUTED_VALUE"""),"Suellen Aguiar Da Silva") -> Suellen Aguiar Da Silva
A93: =IFERROR(__xludf.DUMMYFUNCTION("""COMPUTED_VALUE"""),45901.0) -> 45901 | B93: =IFERROR(__xludf.DUMMYFUNCTION("""COMPUTED_VALUE"""),"MCC046UC0082") -> MCC046UC0082 | C93: =IFERROR(__xludf.DUMMYFUNCTION("""COMPUTED_VALUE"""),"PAPEL SULFITE A4 75G 500 FOLHAS") -> PAPEL SULFITE A4 75G 500 FOLHAS | D93: =IFERROR(__xludf.DUMMYFUNCTION("""COMPUTED_VALUE"""),1.0) -> 1 | E93: =IFERROR(__xludf.DUMMYFUNCTION("""COMPUTED_VALUE"""),"Saída") -> Saída | F93: =IFERROR(__xludf.DUMMYFUNCTION("""COMPUTED_VALUE"""),"Recebimento:truck:") -> Recebimento:truck: | G93: {=XLOOKUP(B93,'Página9'!A:A,'Página9'!F:F,"")} -> 163 | H93: {=XLOOKUP(B93,'Página9'!A:A,'Página9'!C:C,"")} -> 10 | I93: {=XLOOKUP(B93,'Página9'!A:A,'Página9'!G:G,"")} -> OK | J93: =IF(F93=$N$2,"RECEBIMENTO",IF(F93=$N$3,"CIQ",IF(F93=$N$4,"PMM",IF(F93=$N$5,"ESTOQUE",IF(F93=$N$6,"EXPEDIÇÃO",""))))) -> RECEBIMENTO | K93: =IFERROR(__xludf.DUMMYFUNCTION("""COMPUTED_VALUE"""),"Suellen Aguiar Da Silva") -> Suellen Aguiar Da Silva
A94: =IFERROR(__xludf.DUMMYFUNCTION("""COMPUTED_VALUE"""),45901.0) -> 45901 | B94: =IFERROR(__xludf.DUMMYFUNCTION("""COMPUTED_VALUE"""),"EMC015MO0001") -> EMC015MO0001 | C94: =IFERROR(__xludf.DUMMYFUNCTION("""COMPUTED_VALUE"""),"RIBBON CERA PRETO 110MMX300M") -> RIBBON CERA PRETO 110MMX300M | D94: =IFERROR(__xludf.DUMMYFUNCTION("""COMPUTED_VALUE"""),1.0) -> 1 | E94: =IFERROR(__xludf.DUMMYFUNCTION("""COMPUTED_VALUE"""),"Saída") -> Saída | F94: =IFERROR(__xludf.DUMMYFUNCTION("""COMPUTED_VALUE"""),"Expedição:ex-escolas-exponenciais:") -> Expedição:ex-escolas-exponenciais: | G94: {=XLOOKUP(B94,'Página9'!A:A,'Página9'!F:F,"")} -> 390 | H94: {=XLOOKUP(B94,'Página9'!A:A,'Página9'!C:C,"")} -> 5 | I94: {=XLOOKUP(B94,'Página9'!A:A,'Página9'!G:G,"")} -> OK | J94: =IF(F94=$N$2,"RECEBIMENTO",IF(F94=$N$3,"CIQ",IF(F94=$N$4,"PMM",IF(F94=$N$5,"ESTOQUE",IF(F94=$N$6,"EXPEDIÇÃO",""))))) -> EXPEDIÇÃO | K94: =IFERROR(__xludf.DUMMYFUNCTION("""COMPUTED_VALUE"""),"Suellen Aguiar Da Silva") -> Suellen Aguiar Da Silva
A95: =IFERROR(__xludf.DUMMYFUNCTION("""COMPUTED_VALUE"""),45902.0) -> 45902 | B95: =IFERROR(__xludf.DUMMYFUNCTION("""COMPUTED_VALUE"""),"MCC015UC0008") -> MCC015UC0008 | C95: =IFERROR(__xludf.DUMMYFUNCTION("""COMPUTED_VALUE"""),"FILME STRETCH 500X25") -> FILME STRETCH 500X25 | D95: =IFERROR(__xludf.DUMMYFUNCTION("""COMPUTED_VALUE"""),4.0) -> 4 | E95: =IFERROR(__xludf.DUMMYFUNCTION("""COMPUTED_VALUE"""),"Saída") -> Saída | F95: =IFERROR(__xludf.DUMMYFUNCTION("""COMPUTED_VALUE"""),"Recebimento:truck:") -> Recebimento:truck: | G95: {=XLOOKUP(B95,'Página9'!A:A,'Página9'!F:F,"")} -> -158 | H95: {=XLOOKUP(B95,'Página9'!A:A,'Página9'!C:C,"")} -> 40 | I95: {=XLOOKUP(B95,'Página9'!A:A,'Página9'!G:G,"")} -> REPOR ESTOQUE | J95: =IF(F95=$N$2,"RECEBIMENTO",IF(F95=$N$3,"CIQ",IF(F95=$N$4,"PMM",IF(F95=$N$5,"ESTOQUE",IF(F95=$N$6,"EXPEDIÇÃO",""))))) -> RECEBIMENTO | K95: =IFERROR(__xludf.DUMMYFUNCTION("""COMPUTED_VALUE"""),"Francisco Samuel Trindade Nascimento") -> Francisco Samuel Trindade Nascimento
A96: =IFERROR(__xludf.DUMMYFUNCTION("""COMPUTED_VALUE"""),45902.0) -> 45902 | B96: =IFERROR(__xludf.DUMMYFUNCTION("""COMPUTED_VALUE"""),"MCC046UC0526") -> MCC046UC0526 | C96: =IFERROR(__xludf.DUMMYFUNCTION("""COMPUTED_VALUE"""),"CANETA PINCEL ATOMICO PRETA PILOT 1100") -> CANETA PINCEL ATOMICO PRETA PILOT 1100 | D96: =IFERROR(__xludf.DUMMYFUNCTION("""COMPUTED_VALUE"""),2.0) -> 2 | E96: =IFERROR(__xludf.DUMMYFUNCTION("""COMPUTED_VALUE"""),"Saída") -> Saída | F96: =IFERROR(__xludf.DUMMYFUNCTION("""COMPUTED_VALUE"""),"Recebimento:truck:") -> Recebimento:truck: | G96: {=XLOOKUP(B96,'Página9'!A:A,'Página9'!F:F,"")} -> 1 | H96: {=XLOOKUP(B96,'Página9'!A:A,'Página9'!C:C,"")} -> 3 | I96: {=XLOOKUP(B96,'Página9'!A:A,'Página9'!G:G,"")} -> REPOR ESTOQUE | J96: =IF(F96=$N$2,"RECEBIMENTO",IF(F96=$N$3,"CIQ",IF(F96=$N$4,"PMM",IF(F96=$N$5,"ESTOQUE",IF(F96=$N$6,"EXPEDIÇÃO",""))))) -> RECEBIMENTO | K96: =IFERROR(__xludf.DUMMYFUNCTION("""COMPUTED_VALUE"""),"Paulo Henrique Chagas De Oliveira") -> Paulo Henrique Chagas De Oliveira
A97: =IFERROR(__xludf.DUMMYFUNCTION("""COMPUTED_VALUE"""),45902.0) -> 45902 | B97: =IFERROR(__xludf.DUMMYFUNCTION("""COMPUTED_VALUE"""),"MCC015UC0045") -> MCC015UC0045 | C97: =IFERROR(__xludf.DUMMYFUNCTION("""COMPUTED_VALUE"""),"FITA ADESIVA 69MM X 100M") -> FITA ADESIVA 69MM X 100M | D97: =IFERROR(__xludf.DUMMYFUNCTION("""COMPUTED_VALUE"""),4.0) -> 4 | E97: =IFERROR(__xludf.DUMMYFUNCTION("""COMPUTED_VALUE"""),"Saída") -> Saída | F97: =IFERROR(__xludf.DUMMYFUNCTION("""COMPUTED_VALUE"""),"Recebimento:truck:") -> Recebimento:truck: | G97: {=XLOOKUP(B97,'Página9'!A:A,'Página9'!F:F,"")} -> 287 | H97: {=XLOOKUP(B97,'Página9'!A:A,'Página9'!C:C,"")} -> 20 | I97: {=XLOOKUP(B97,'Página9'!A:A,'Página9'!G:G,"")} -> OK | J97: =IF(F97=$N$2,"RECEBIMENTO",IF(F97=$N$3,"CIQ",IF(F97=$N$4,"PMM",IF(F97=$N$5,"ESTOQUE",IF(F97=$N$6,"EXPEDIÇÃO",""))))) -> RECEBIMENTO | K97: =IFERROR(__xludf.DUMMYFUNCTION("""COMPUTED_VALUE"""),"Pericles Cavalcante De Lima Maciel") -> Pericles Cavalcante De Lima Maciel
A98: =IFERROR(__xludf.DUMMYFUNCTION("""COMPUTED_VALUE"""),45903.0) -> 45903 | B98: =IFERROR(__xludf.DUMMYFUNCTION("""COMPUTED_VALUE"""),"MCC015UC0045") -> MCC015UC0045 | C98: =IFERROR(__xludf.DUMMYFUNCTION("""COMPUTED_VALUE"""),"FITA ADESIVA 69MM X 100M") -> FITA ADESIVA 69MM X 100M | D98: =IFERROR(__xludf.DUMMYFUNCTION("""COMPUTED_VALUE"""),4.0) -> 4 | E98: =IFERROR(__xludf.DUMMYFUNCTION("""COMPUTED_VALUE"""),"Saída") -> Saída | F98: =IFERROR(__xludf.DUMMYFUNCTION("""COMPUTED_VALUE"""),"Estoque:package:") -> Estoque:package: | G98: {=XLOOKUP(B98,'Página9'!A:A,'Página9'!F:F,"")} -> 287 | H98: {=XLOOKUP(B98,'Página9'!A:A,'Página9'!C:C,"")} -> 20 | I98: {=XLOOKUP(B98,'Página9'!A:A,'Página9'!G:G,"")} -> OK | J98: =IF(F98=$N$2,"RECEBIMENTO",IF(F98=$N$3,"CIQ",IF(F98=$N$4,"PMM",IF(F98=$N$5,"ESTOQUE",IF(F98=$N$6,"EXPEDIÇÃO",""))))) -> ESTOQUE | K98: =IFERROR(__xludf.DUMMYFUNCTION("""COMPUTED_VALUE"""),"Paulo Henrique Chagas De Oliveira") -> Paulo Henrique Chagas De Oliveira
A99: =IFERROR(__xludf.DUMMYFUNCTION("""COMPUTED_VALUE"""),45903.0) -> 45903 | B99: =IFERROR(__xludf.DUMMYFUNCTION("""COMPUTED_VALUE"""),"MCC046UC0093") -> MCC046UC0093 | C99: =IFERROR(__xludf.DUMMYFUNCTION("""COMPUTED_VALUE"""),"REGUA ACRILICA 30CM") -> REGUA ACRILICA 30CM | D99: =IFERROR(__xludf.DUMMYFUNCTION("""COMPUTED_VALUE"""),1.0) -> 1 | E99: =IFERROR(__xludf.DUMMYFUNCTION("""COMPUTED_VALUE"""),"Saída") -> Saída | F99: =IFERROR(__xludf.DUMMYFUNCTION("""COMPUTED_VALUE"""),"Expedição:ex-escolas-exponenciais:") -> Expedição:ex-escolas-exponenciais: | G99: {=XLOOKUP(B99,'Página9'!A:A,'Página9'!F:F,"")} -> 16 | H99: {=XLOOKUP(B99,'Página9'!A:A,'Página9'!C:C,"")} -> 5 | I99: {=XLOOKUP(B99,'Página9'!A:A,'Página9'!G:G,"")} -> OK | J99: =IF(F99=$N$2,"RECEBIMENTO",IF(F99=$N$3,"CIQ",IF(F99=$N$4,"PMM",IF(F99=$N$5,"ESTOQUE",IF(F99=$N$6,"EXPEDIÇÃO",""))))) -> EXPEDIÇÃO | K99: =IFERROR(__xludf.DUMMYFUNCTION("""COMPUTED_VALUE"""),"Matheus De Almeida Rodrigues") -> Matheus De Almeida Rodrigues
A100: =IFERROR(__xludf.DUMMYFUNCTION("""COMPUTED_VALUE"""),45903.0) -> 45903 | B100: =IFERROR(__xludf.DUMMYFUNCTION("""COMPUTED_VALUE"""),"MCC015UC0008") -> MCC015UC0008 | C100: =IFERROR(__xludf.DUMMYFUNCTION("""COMPUTED_VALUE"""),"FILME STRETCH 500X25") -> FILME STRETCH 500X25 | D100: =IFERROR(__xludf.DUMMYFUNCTION("""COMPUTED_VALUE"""),8.0) -> 8 | E100: =IFERROR(__xludf.DUMMYFUNCTION("""COMPUTED_VALUE"""),"Saída") -> Saída | F100: =IFERROR(__xludf.DUMMYFUNCTION("""COMPUTED_VALUE"""),"Recebimento:truck:") -> Recebimento:truck: | G100: {=XLOOKUP(B100,'Página9'!A:A,'Página9'!F:F,"")} -> -158 | H100: {=XLOOKUP(B100,'Página9'!A:A,'Página9'!C:C,"")} -> 40 | I100: {=XLOOKUP(B100,'Página9'!A:A,'Página9'!G:G,"")} -> REPOR ESTOQUE | J100: =IF(F100=$N$2,"RECEBIMENTO",IF(F100=$N$3,"CIQ",IF(F100=$N$4,"PMM",IF(F100=$N$5,"ESTOQUE",IF(F100=$N$6,"EXPEDIÇÃO",""))))) -> RECEBIMENTO | K100: =IFERROR(__xludf.DUMMYFUNCTION("""COMPUTED_VALUE"""),"Francisco Samuel Trindade Nascimento") -> Francisco Samuel Trindade Nascimento
...

Sheet E
A1: Data | B1: IDdoInsumo | C1: Descrição | D1: Quantidade | E1: Responsável | F1: Movimentação
A2: 45856 | B2: MCC046UC0164 | C2: APAGADOR P/ QUADRO BRANCO RADEX | D2: 2 | E2: Francisco Edson Oliveira Dos Santos Vieira | F2: =IF(A2<>"","Entrada","") -> Entrada
A3: 45856 | B3: MCC015UC0038 | C3: BOBINA SHRINK 500MM | D3: 7 | E3: Francisco Edson Oliveira Dos Santos Vieira | F3: =IF(A3<>"","Entrada","") -> Entrada
A4: 45856 | B4: MCC046UC0210 | C4: CALCULADORA MESA 12 DIGITOS ZT 712 ZETA | D4: 20 | E4: Francisco Edson Oliveira Dos Santos Vieira | F4: =IF(A4<>"","Entrada","") -> Entrada
A5: 45856 | B5: MCC049UC0601 | C5: CANETA ESFEROGRAFICA COMPACTOR VERMELHA | D5: 80 | E5: Francisco Edson Oliveira Dos Santos Vieira | F5: =IF(A5<>"","Entrada","") -> Entrada
A6: 45856 | B6: MCC046UC0215 | C6: CANETA ESFEROGRAFICA ECONOMIC AZUL BIC | D6: 118 | E6: Francisco Edson Oliveira Dos Santos Vieira | F6: =IF(A6<>"","Entrada","") -> Entrada
A7: 45856 | B7: MCC046UC0216 | C7: CANETA ESFEROGRAFICA ECONOMIC PRETA BIC | D7: 146 | E7: Francisco Edson Oliveira Dos Santos Vieira | F7: =IF(A7<>"","Entrada","") -> Entrada
A8: 45856 | B8: MCC046UC0525 | C8: CANETA PINCEL ATOMICO AZUL PILOT 1100 | D8: 25 | E8: Francisco Edson Oliveira Dos Santos Vieira | F8: =IF(A8<>"","Entrada","") -> Entrada
A9: 45856 | B9: MCC046UC0526 | C9: CANETA PINCEL ATOMICO PRETA PILOT 1100 | D9: 19 | E9: Francisco Edson Oliveira Dos Santos Vieira | F9: =IF(A9<>"","Entrada","") -> Entrada
A10: 45856 | B10: MCC046UC0674 | C10: CLIPS 6/0 | D10: 8 | E10: Francisco Edson Oliveira Dos Santos Vieira | F10: =IF(A10<>"","Entrada","") -> Entrada
A11: 45856 | B11: MCC046UC0052 | C11: CLIPS 8/0 | D11: 10 | E11: Francisco Edson Oliveira Dos Santos Vieira | F11: =IF(A11<>"","Entrada","") -> Entrada
A12: 45856 | B12: MCC046UC0617 | C12: CLIPS CHAPARRAU 2/0 CX C/100 UN GALV. | D12: 17 | E12: Francisco Edson Oliveira Dos Santos Vieira | F12: =IF(A12<>"","Entrada","") -> Entrada
A13: 45856 | B13: MCC046UC0315 | C13: ESTILETE 18MM PLASTICO LARGO BRW | D13: 0 | E13: Francisco Edson Oliveira Dos Santos Vieira | F13: =IF(A13<>"","Entrada","") -> Entrada
... A61: 45856 | B61: EMC015MO0007 | C61: RIBBON CERA PRETO 110MMX74M | D61: 177 | E61: Francisco Edson Oliveira Dos Santos Vieira | F61: =IF(A61<>"","Entrada","") -> Entrada
A62: 45856 | B62: MCC046UC0587 | C62: TESOURA USO GERAL 21CM MUNDIAL 160-8N | D62: =3 -> 3 | E62: Francisco Edson Oliveira Dos Santos Vieira | F62: =IF(A62<>"","Entrada","") -> Entrada
A63: 45931 | B63: MCC015UC0045 | C63: FITA ADESIVA 69MM X 100M | D63: 250 | E63: Francisco Edson Oliveira Dos Santos Vieira | F63: =IF(A63<>"","Entrada","") -> Entrada
A64: 45931 | B64: MCC046UC0082 | C64: PAPEL SULFITE A4 75G 500 FOLHAS | D64: 129 | E64: Francisco Edson Oliveira Dos Santos Vieira | F64: =IF(A64<>"","Entrada","") -> Entrada
A65: 45937 | B65: MCC015UC0008 | C65: FILME STRETCH 500X25 | D65: 191 | E65: Francisco Edson Oliveira Dos Santos Vieira | F65: =IF(A65<>"","Entrada","") -> Entrada
A66: 45937 | B66: MCC015UC0038 | C66: BOBINA SHRINK 500MM | D66: 11 | E66: Francisco Edson Oliveira Dos Santos Vieira | F66: =IF(A66<>"","Entrada","") -> Entrada
A67: 45954 | B67: MCC015UC0008 | C67: FILME STRETCH 500X25 | D67: 204 | E67: Francisco Edson Oliveira Dos Santos Vieira | F67: =IF(A67<>"","Entrada","") -> Entrada
A68: 45968 | B68: MCC015UC0008 | C68: FILME STRETCH 500X25 | D68: 300 | E68: Francisco Edson Oliveira Dos Santos Vieira | F68: =IF(A68<>"","Entrada","") -> Entrada
A69: 45937 | B69: MCC015UC0038 | C69: BOBINA SHRINK 500MM | D69: 20 | E69: Francisco Edson Oliveira Dos Santos Vieira | F69: =IF(A69<>"","Entrada","") -> Entrada
A70: 45976 | B70: MCC015UC0033 | C70: FITA DE ARQUEAR PET VERDE 16MM X 0,8MM C/ 13KG | D70: 15 | E70: Francisco Edson Oliveira Dos Santos Vieira | F70: =IF(A70<>"","Entrada","") -> Entrada
A71: 45973 | B71: MCC046UC0215 | C71: CANETA ESFEROGRAFICA ECONOMIC AZUL BIC | D71: 50 | E71: Francisco Edson Oliveira Dos Santos Vieira | F71: =IF(A71<>"","Entrada","") -> Entrada
A72: 45972 | B72: MCC015UC0045 | C72: FITA ADESIVA 69MM X 100M | D72: 300 | E72: Francisco Edson Oliveira Dos Santos Vieira | F72: =IF(A72<>"","Entrada","") -> Entrada
A73: 45973 | B73: MCC049UC0607 | C73: PAPEL A3 RESMA COM 500 FLS | D73: 10 | E73: Francisco Edson Oliveira Dos Santos Vieira | F73: =IF(A73<>"","Entrada","") -> Entrada
A74: 45973 | B74: MCC049UC0603 | C74: PLASTICO PLASTIF. A-4 220/307 C/100 UN PROLAM | D74: 500 | E74: Francisco Edson Oliveira Dos Santos Vieira | F74: =IF(A74<>"","Entrada","") -> Entrada
... A96: 46107 | B96: MCC046UC0599 | C96: ETIQUETA ADESIVA COUCHE AMARELA - 105X150MM SAS | D96: 32 | E96: Francisco Edson Oliveira Dos Santos Vieira | F96: =IF(A96<>"","Entrada","") -> Entrada
F97: =IF(A97<>"","Entrada","")
F98: =IF(A98<>"","Entrada","")
F99: =IF(A99<>"","Entrada","")
F100: =IF(A100<>"","Entrada","")
F101: =IF(A101<>"","Entrada","")
F102: =IF(A102<>"","Entrada","")
F103: =IF(A103<>"","Entrada","")
F104: =IF(A104<>"","Entrada","")
F106: =IF(A106<>"","Entrada","")
F107: =IF(A107<>"","Entrada","")
F108: =IF(A108<>"","Entrada","")
F109: =IF(A109<>"","Entrada","")
... F1010: =IF(A1010<>"","Entrada","")

Sheet S
A1: Data | B1: Solicitante Slack | C1: Item com Código | D1: Quantidade | E1: Setor | F1: Justificativa | G1: Código | H1: Moviementação | I1: Solitado por
A2: 45868.785 | B2: @Jose Edervanio Lima Mateus | C2: MCC015UC0045 FITA ADESIVA 69MM X 100M | D2: 10 | F2: Estoque de fita da expedição zerou. | G2: =LEFT(C:C,12) -> MCC015UC0045 | H2: =IF(A2<>"","Saída","") -> Saída | I2: {=SUBSTITUTE(B2:B1873, "@", "")} -> Jose Edervanio Lima Mateus
A3: 45868.785 | B3: @Diego Araujo Dias | C3: MCC015UC0045 FITA ADESIVA 69MM X 100M | D3: 4 | F3: Demanda de caixa na expedição, 4 rolos. | G3: =LEFT(C:C,12) -> MCC015UC0045 | H3: =IF(A3<>"","Saída","") -> Saída | I3: Diego Araujo Dias
A4: 45869.484 | B4: @Raimundo Reurison Belarmino Da Gama | C4: MCC046UC0639 PILHA ALCALINA ELGIN PEQ.AA | D4: 1 | F4: para utilizar no mouse | G4: =LEFT(C:C,12) -> MCC046UC0639 | H4: =IF(A4<>"","Saída","") -> Saída | I4: Raimundo Reurison Belarmino Da Gama
A5: 45869.699 | B5: @Paulo Henrique Chagas De Oliveira | C5: MCC046UC0638 PILHA ALCALINA ELGIN PALITO AAA | D5: 1 | F5: Para manuseio de mouse sem fio. | G5: =LEFT(C:C,12) -> MCC046UC0638 | H5: =IF(A5<>"","Saída","") -> Saída | I5: Paulo Henrique Chagas De Oliveira
A6: 45873 | B6: @Ana Virginia De Castro Costa | C6: MCC046UC0082 PAPEL SULFITE A4 75G 500 FOLHAS | D6: 2 | F6: Acabou na expedição | G6: =LEFT(C:C,12) -> MCC046UC0082 | H6: =IF(A6<>"","Saída","") -> Saída | I6: Ana Virginia De Castro Costa
A7: 45873 | B7: @Ana Virginia De Castro Costa | C7: MCC046UC0398 GRAMPO 26/6 COBREADO CX.C/5000 BACCHI | D7: 1 | F7: zerou na expedição | G7: =LEFT(C:C,12) -> MCC046UC0398 | H7: =IF(A7<>"","Saída","") -> Saída | I7: Ana Virginia De Castro Costa
A8: 45875 | B8: @Francisco Antonio Pinheiro De Sousa | C8: MCC049UC0600 FITA ADESIVA P/ CACHORRO PERSONALIZADA | D8: 50 | F8: Envio v4 | G8: =LEFT(C:C,12) -> MCC049UC0600 | H8: =IF(A8<>"","Saída","") -> Saída | I8: Francisco Antonio Pinheiro De Sousa
A9: 45875 | B9: @Francisco Antonio Pinheiro De Sousa | C9: MCC015UC0045 FITA ADESIVA 69MM X 100M | D9: 24 | F9: Para V4 | G9: =LEFT(C:C,12) -> MCC015UC0045 | H9: =IF(A9<>"","Saída","") -> Saída | I9: Francisco Antonio Pinheiro De Sousa
A10: 45875 | B10: @Francisco Antonio Pinheiro De Sousa | C10: MCC046UC0596 ETIQUETA ADESIVA COUCHE BRANCA - 105X150MM SAS | D10: 5 | F10: Para V4 | G10: =LEFT(C:C,12) -> MCC046UC0596 | H10: =IF(A10<>"","Saída","") -> Saída | I10: Francisco Antonio Pinheiro De Sousa
A11: 45875 | B11: @Francisco Antonio Pinheiro De Sousa | C11: MCC046UC0668 ETIQUETA ADESIVA COUCHE CINZA 100X150X1 | D11: 3 | F11: Para V4 | G11: =LEFT(C:C,12) -> MCC046UC0668 | H11: =IF(A11<>"","Saída","") -> Saída | I11: Francisco Antonio Pinheiro De Sousa
A12: 45875 | B12: @Francisco Antonio Pinheiro De Sousa | C12: MCC046UC0598 ETIQUETA ADESIVA COUCHE AZUL - 105X150MM SAS | D12: 3 | F12: Para V4 | G12: =LEFT(C:C,12) -> MCC046UC0598 | H12: =IF(A12<>"","Saída","") -> Saída | I12: Francisco Antonio Pinheiro De Sousa
A13: 45875 | B13: @Francisco Antonio Pinheiro De Sousa | C13: MCC046UC0597 ETIQUETA ADESIVA COUCHE ROSA - SAS 105X150MM | D13: 5 | F13: Para V4 | G13: =LEFT(C:C,12) -> MCC046UC0597 | H13: =IF(A13<>"","Saída","") -> Saída | I13: Francisco Antonio Pinheiro De Sousa
A14: 45875 | B14: @Francisco Antonio Pinheiro De Sousa | C14: MCC046UC0658 ETIQUETA ADESIVA COUCHE LARANJA 100X150X1 | D14: 3 | F14: Para V4 | G14: =LEFT(C:C,12) -> MCC046UC0658 | H14: =IF(A14<>"","Saída","") -> Saída | I14: Francisco Antonio Pinheiro De Sousa
... A214: 45931 | B214: @Jose Antoniel Silva Mesquita | C214: MCC015UC0045 FITA ADESIVA 69MM X 100M | D214: 2 | F214: PARA O PMM | G214: =LEFT(C:C,12) -> MCC015UC0045 | H214: =IF(A214<>"","Saída","") -> Saída | I214: Jose Antoniel Silva Mesquita
A215: 46051 | B215: @Jamile Ribeiro da Silva | C215: MCC046UC0596 ETIQUETA ADESIVA COUCHE BRANCA - 105X150MM SAS | D215: 2 | E215: PMM:livro-voador: | F215: NECESSIDADE | G215: =LEFT(C:C,12) -> MCC046UC0596 | H215: =IF(A215<>"","Saída","") -> Saída | I215: Jamile Ribeiro da Silva
A216: 45931 | B216: @Diego Araujo Dias | C216: MCC049UC0601 CANETA ESFEROGRAFICA COMPACTOR VERMELHA | D216: 1 | E216: Recebimento:truck: | F216: 1 - Caneta Azul 1 - Caneta Vermelha OBS: Conferência na devolução | G216: =LEFT(C:C,12) -> MCC049UC0601 | H216: =IF(A216<>"","Saída","") -> Saída | I216: Diego Araujo Dias
A217: 45931 | B217: @Pericles Cavalcante De Lima Maciel | C217: MCC046UC0215 CANETA ESFEROGRAFICA ECONOMIC AZUL BIC | D217: 2 | E217: Recebimento:truck: | F217: . | G217: =LEFT(C:C,12) -> MCC046UC0215 | H217: =IF(A217<>"","Saída","") -> Saída | I217: Pericles Cavalcante De Lima Maciel
A218: 45931 | B218: @Yago Rocha Fernandes | C218: MCC049UC0605 FITA DE DEMARCAÇAO VERMELHA | D218: 2 | E218: CIQ :qualidade: | F218: Demarcação de áreas | G218: =LEFT(C:C,12) -> MCC049UC0605 | H218: =IF(A218<>"","Saída","") -> Saída | I218: Yago Rocha Fernandes
A219: 45931 | B219: @Jose Antoniel Silva Mesquita | C219: MCC015UC0038 BOBINA SHRINK 500MM | D219: 1 | E219: PMM:livro-voador: | F219: ACABOU | G219: =LEFT(C:C,12) -> MCC015UC0038 | H219: =IF(A219<>"","Saída","") -> Saída | I219: Jose Antoniel Silva Mesquita
A220: 45931 | B220: @Pericles Cavalcante De Lima Maciel | C220: MCC046UC0639 PILHA ALCALINA ELGIN PEQ.AA | D220: 1 | E220: Recebimento:truck: | F220: . | G220: =LEFT(C:C,12) -> MCC046UC0639 | H220: =IF(A220<>"","Saída","") -> Saída | I220: Pericles Cavalcante De Lima Maciel
A221: 45936 | B221: @Jackson Alves Sales | C221: MCC015UC0008 FILME STRETCH 500X25 | D221: 2 | E221: Recebimento:truck: | F221: Para strechar os paletes | G221: =LEFT(C:C,12) -> MCC015UC0008 | H221: =IF(A221<>"","Saída","") -> Saída | I221: Jackson Alves Sales
A222: 45936 | B222: @Matheus De Almeida Rodrigues | C222: MCC046UC0525 CANETA PINCEL ATOMICO AZUL PILOT 1100 | D222: 2 | E222: Recebimento:truck: | F222: Uso na Devolução SAS | G222: =LEFT(C:C,12) -> MCC046UC0525 | H222: =IF(A222<>"","Saída","") -> Saída | I222: Matheus De Almeida Rodrigues
A223: 45936 | B223: @Matheus De Almeida Rodrigues | C223: MCC046UC0215 CANETA ESFEROGRAFICA ECONOMIC AZUL BIC | D223: 2 | E223: Recebimento:truck: | F223: Uso na Devolução SAS | G223: =LEFT(C:C,12) -> MCC046UC0215 | H223: =IF(A223<>"","Saída","") -> Saída | I223: Matheus De Almeida Rodrigues
A224: 45936 | B224: @Gabriel De Sousa Freitas | C224: MCC015UC0038 BOBINA SHRINK 500MM | D224: 10 | E224: Estoque:package: | F224: Necessidade de estoque. | G224: =LEFT(C:C,12) -> MCC015UC0038 | H224: =IF(A224<>"","Saída","") -> Saída | I224: Gabriel De Sousa Freitas
A225: 45936 | B225: @Francisco Edson Oliveira Dos Santos Vieira | C225: MCC015UC0008 FILME STRETCH 500X25 | D225: 26 | E225: Recebimento:truck: | F225: Ajuste de estoque | G225: =LEFT(C:C,12) -> MCC015UC0008 | H225: =IF(A225<>"","Saída","") -> Saída | I225: Francisco Edson Oliveira Dos Santos Vieira
A226: 45936 | B226: @Francisco Edson Oliveira Dos Santos Vieira | C226: MCC015UC0008 FILME STRETCH 500X25 | D226: 2 | E226: Estoque:package: | F226: Ajuste de estoque | G226: =LEFT(C:C,12) -> MCC015UC0008 | H226: =IF(A226<>"","Saída","") -> Saída | I226: Francisco Edson Oliveira Dos Santos Vieira
... A473: 45979.62 | B473: @Silvana Da Silva Pereira | C473: MCC046UC0660 ETIQUETA 70MM COORDENACAO | D473: 4 | E473: Expedição:ex-escolas-exponenciais: | F473: V1 | G473: =LEFT(C:C,12) -> MCC046UC0660 | H473: =IF(A473<>"","Saída","") -> Saída | I473: Silvana Da Silva Pereira
A474: 45979.62 | B474: @Silvana Da Silva Pereira | C474: MCC046UC0659 ETIQUETA 70MM PROFESSOR | D474: 4 | E474: Expedição:ex-escolas-exponenciais: | F474: 4 | G474: =LEFT(C:C,12) -> MCC046UC0659 | H474: =IF(A474<>"","Saída","") -> Saída | I474: Silvana Da Silva Pereira
A475: 45979.701 | B475: @Matheus De Almeida Rodrigues | C475: MCC015UC0045 FITA ADESIVA 69MM X 100M | D475: 3 | E475: Recebimento:truck: | F475: Uso no Recebimento SAS/SAE | G475: =LEFT(C:C,12) -> MCC015UC0045 | H475: =IF(A475<>"","Saída","") -> Saída | I475: Matheus De Almeida Rodrigues
A476: 45979.762 | B476: @Jose Edervanio Lima Mateus | C476: MCC046UC0215 CANETA ESFEROGRAFICA ECONOMIC AZUL BIC | D476: 5 | E476: Expedição:ex-escolas-exponenciais: | F476: Consumo | G476: =LEFT(C:C,12) -> MCC046UC0215 | H476: =IF(A476<>"","Saída","") -> Saída | I476: Jose Edervanio Lima Mateus
A477: 45979.762 | B477: @Jose Edervanio Lima Mateus | C477: MCC046UC0216 CANETA ESFEROGRAFICA ECONOMIC PRETA BIC | D477: 5 | E477: Expedição:ex-escolas-exponenciais: | F477: Consumo | G477: =LEFT(C:C,12) -> MCC046UC0216 | H477: =IF(A477<>"","Saída","") -> Saída | I477: Jose Edervanio Lima Mateus
A478: 45979.813 | B478: @Pericles Cavalcante De Lima Maciel | C478: MCC015UC0008 FILME STRETCH 500X25 | D478: 10 | E478: Recebimento:truck: | F478: . | G478: =LEFT(C:C,12) -> MCC015UC0008 | H478: =IF(A478<>"","Saída","") -> Saída | I478: Pericles Cavalcante De Lima Maciel
A479: 45980.58 | B479: @Rubens Ribeiro Lisboa | C479: MCC015UC0045 FITA ADESIVA 69MM X 100M | D479: 4 | E479: Expedição:ex-escolas-exponenciais: | F479: acabou no setor | G479: =LEFT(C:C,12) -> MCC015UC0045 | H479: =IF(A479<>"","Saída","") -> Saída | I479: Rubens Ribeiro Lisboa
A480: 45980.646 | B480: @Rejane Fontes De Sousa | C480: MCC049UC0288 FITILHO POLIPROPILENO P/EMBALAGEM | D480: 1 | E480: Expedição:ex-escolas-exponenciais: | F480: Organizar mesas | G480: =LEFT(C:C,12) -> MCC049UC0288 | H480: =IF(A480<>"","Saída","") -> Saída | I480: Rejane Fontes De Sousa
A481: 45980.703 | B481: @Jose Edervanio Lima Mateus | C481: MCC015UC0045 FITA ADESIVA 69MM X 100M | D481: 25 | E481: Expedição:ex-escolas-exponenciais: | F481: Zerou nosso estoque. | G481: =LEFT(C:C,12) -> MCC015UC0045 | H481: =IF(A481<>"","Saída","") -> Saída | I481: Jose Edervanio Lima Mateus
A482: 45980.714 | B482: @Rejane Fontes De Sousa | C482: MCC046UC0549 PRANCHETA OFICIO MDF PRENDEDOR METAL ACRIMET 105 | D482: 5 | E482: Expedição:ex-escolas-exponenciais: | F482: Utilizada na separação | G482: =LEFT(C:C,12) -> MCC046UC0549 | H482: =IF(A482<>"","Saída","") -> Saída | I482: Rejane Fontes De Sousa
A483: 45980.736 | B483: @Suellen Aguiar Da Silva | C483: MCC046UC0082 PAPEL SULFITE A4 75G 500 FOLHAS | D483: 1 | E483: Expedição:ex-escolas-exponenciais: | F483: Necessitamos de uma caixa de resma para o faturamento. | G483: =LEFT(C:C,12) -> MCC046UC0082 | H483: =IF(A483<>"","Saída","") -> Saída | I483: Suellen Aguiar Da Silva
A484: 45980.765 | B484: @Jose Antoniel Silva Mesquita | C484: MCC046UC0216 CANETA ESFEROGRAFICA ECONOMIC PRETA BIC | D484: 2 | E484: Estoque:package: | F484: estou precisando | G484: =LEFT(C:C,12) -> MCC046UC0216 | H484: =IF(A484<>"","Saída","") -> Saída | I484: Jose Antoniel Silva Mesquita
A485: 45980.839 | B485: @Allison Breno Da Costa Borges Soares | C485: MCC049UC0603 PLASTICO PLASTIF. A-4 220/307 C/100 UN PROLAM | D485: 20 | E485: Recebimento:truck: | F485: ------------------------------------ | G485: =LEFT(C:C,12) -> MCC049UC0603 | H485: =IF(A485<>"","Saída","") -> Saída | I485: Allison Breno Da Costa Borges Soares
A486: 45981.567 | B486: @Francisco Edson Oliveira Dos Santos Vieira | C486: MCC015UC0008 FILME STRETCH 500X25 | D486: 2 | E486: CIQ :qualidade: | F486: strechar paletes revisados | G486: =LEFT(C:C,12) -> MCC015UC0008 | H486: =IF(A486<>"","Saída","") -> Saída | I486: Francisco Edson Oliveira Dos Santos Vieira
... A701: 46063 | B701: @Jose Antoniel Silva Mesquita | C701: MCC015UC0045 FITA ADESIVA 69MM X 100M | D701: 24 | E701: PMM:livro-voador: | F701: estou precisando no PMM | G701: =LEFT(C:C,12) -> MCC015UC0045 | H701: =IF(A701<>"","Saída","") -> Saída | I701: Jose Antoniel Silva Mesquita
A702: 46063 | B702: @Philipe Araujo Barroso | C702: MCC046UC0596 ETIQUETA ADESIVA COUCHE BRANCA - 105X150MM SAS | D702: 16 | E702: Expedição:ex-escolas-exponenciais: | F702: Abastecimento Expedição. | G702: =LEFT(C:C,12) -> MCC046UC0596 | I702: Philipe Araujo Barroso
A703: 46064 | B703: @Suellen Aguiar Da Silva | C703: MCC046UC0082 PAPEL SULFITE A4 75G 500 FOLHAS | D703: 1 | E703: Expedição:ex-escolas-exponenciais: | F703: Necessitamos de uma caixa de resmas para o faturamento SAS. | G703: =LEFT(C:C,12) -> MCC046UC0082 | I703: Suellen Aguiar Da Silva
A704: 46064 | B704: @Suellen Aguiar Da Silva | C704: EMC015MO0001 RIBBON CERA PRETO 110MMX300M | D704: 1 | E704: Expedição:ex-escolas-exponenciais: | F704: Necessitamos de uma caixa de ribbon para o faturamento SAS. | G704: =LEFT(C:C,12) -> EMC015MO0001 | I704: Suellen Aguiar Da Silva
A705: 46064 | B705: @Suellen Aguiar Da Silva | C705: MCC046UC0596 ETIQUETA ADESIVA COUCHE BRANCA - 105X150MM SAS | D705: 6 | E705: Expedição:ex-escolas-exponenciais: | F705: Necessitamos de 6 rolos de etiqueta para o PCE. | G705: =LEFT(C:C,12) -> MCC046UC0596 | I705: Suellen Aguiar Da Silva
A706: 46064 | B706: @Silvana Da Silva Pereira | C706: MCC046UC0360 FITA ADESIVA DUPLA FACE 12mm X 20m 4910 VHB 3M | D706: 24 | E706: Expedição:ex-escolas-exponenciais: | F706: Abastecimento | G706: =LEFT(C:C,12) -> MCC046UC0360 | I706: Silvana Da Silva Pereira
A707: 46064 | B707: @Francisco Samuel Trindade Nascimento | C707: MCC046UC0210 CALCULADORA MESA 12 DIGITOS ZT 712 ZETA | D707: 1 | E707: Estoque:package: | F707: utilizar nas minhas atividades de contagens no estoque. | G707: =LEFT(C:C,12) -> MCC046UC0210 | I707: Francisco Samuel Trindade Nascimento
A708: 46064 | B708: @Jackson Alves Sales | C708: MCC049UC0610 GRAMPO PISTOLA ROCAMA 106/8 CX 5.000 UN | D708: 1 | E708: Recebimento:truck: | F708: caixa de grampo pistola rocama para uso no recebimento. | G708: =LEFT(C:C,12) -> MCC049UC0610 | I708: Jackson Alves Sales
A709: 46064 | B709: @Jackson Alves Sales | C709: MCC015UC0008 FILME STRETCH 500X25 | D709: 10 | E709: Recebimento:truck: | F709: Uso para amarração da carga | G709: =LEFT(C:C,12) -> MCC015UC0008 | I709: Jackson Alves Sales
A710: 46064 | B710: @Jose Edervanio Lima Mateus | C710: MCC015UC0008 FILME STRETCH 500X25 | D710: 1 | E710: Expedição:ex-escolas-exponenciais: | F710: Auxiliar na Transferência | G710: =LEFT(C:C,12) -> MCC015UC0008 | I710: Jose Edervanio Lima Mateus
A711: 46065 | B711: @Philipe Araujo Barroso | C711: MCC015UC0008 FILME STRETCH 500X25 | D711: 8 | E711: Expedição:ex-escolas-exponenciais: | F711: Uso na expedição. | G711: =LEFT(C:C,12) -> MCC015UC0008 | I711: Philipe Araujo Barroso
A712: 46065 | B712: @Philipe Araujo Barroso | C712: MCC046UC0659 ETIQUETA 70MM PROFESSOR | D712: 8 | E712: Expedição:ex-escolas-exponenciais: | F712: Uso na expedição. | G712: =LEFT(C:C,12) -> MCC046UC0659 | I712: Philipe Araujo Barroso
A713: 46065 | B713: @Jackson Alves Sales | C713: MCC015UC0045 FITA ADESIVA 69MM X 100M | D713: 10 | E713: Recebimento:truck: | F713: Uso para colar A4 | G713: =LEFT(C:C,12) -> MCC015UC0045 | H713: =IF(A713<>"","Saída","") -> Saída | I713: Jackson Alves Sales
A714: 46065 | B714: @Ana Virginia De Castro Costa | C714: MCC015UC0008 FILME STRETCH 500X25 | D714: 1 | E714: Expedição:ex-escolas-exponenciais: | F714: embarque | G714: =LEFT(C:C,12) -> MCC015UC0008 | I714: Ana Virginia De Castro Costa
A715: 46065 | B715: @Jackson Alves Sales | C715: MCC015UC0008 FILME STRETCH 500X25 | D715: 10 | E715: Recebimento:truck: | F715: Realizar amarração da carga | G715: =LEFT(C:C,12) -> MCC015UC0008 | I715: Jackson Alves Sales
A716: 46066 | B716: @Jose Edervanio Lima Mateus | C716: MCC046UC0540 POST-IT 653 C/4 BL 38X50MM VERDE/ROSA 100FLS 3M | D716: 1 | E716: Expedição:ex-escolas-exponenciais: | F716: Dani Dani está precisando. | G716: =LEFT(C:C,12) -> MCC046UC0540 | I716: Jose Edervanio Lima Mateus
A717: 46066 | B717: @Silvana Da Silva Pereira | C717: MCC049UC0600 FITA ADESIVA P/ CACHORRO PERSONALIZADA | D717: 24 | E717: Expedição:ex-escolas-exponenciais: | F717: Abastecimento | G717: =LEFT(C:C,12) -> MCC049UC0600 | I717: Silvana Da Silva Pereira
A718: 46066 | B718: @Allison Breno Da Costa Borges Soares | C718: MCC015UC0008 FILME STRETCH 500X25 | D718: 20 | E718: Recebimento:truck: | F718: ------------------------ | G718: =LEFT(C:C,12) -> MCC015UC0008 | I718: Allison Breno Da Costa Borges Soares
A719: 46066 | B719: @Allison Breno Da Costa Borges Soares | C719: MCC015UC0008 FILME STRETCH 500X25 | D719: 5 | E719: Recebimento:truck: | F719: -------------------- | G719: =LEFT(C:C,12) -> MCC015UC0008 | I719: Allison Breno Da Costa Borges Soares
A720: 46066 | B720: @Allison Breno Da Costa Borges Soares | C720: MCC046UC0082 PAPEL SULFITE A4 75G 500 FOLHAS | D720: 5 | E720: Recebimento:truck: | F720: ---------------- | G720: =LEFT(C:C,12) -> MCC046UC0082 | I720: Allison Breno Da Costa Borges Soares
A721: 46071 | B721: @Allison Breno Da Costa Borges Soares | C721: MCC049UC0604 FITA DE DEMARCAÇÃO AMARELA | D721: 2 | E721: Recebimento:truck: | F721: -------------------- | G721: =LEFT(C:C,12) -> MCC049UC0604 | I721: Allison Breno Da Costa Borges Soares
A722: 46071 | B722: @Paulo Henrique Chagas De Oliveira | C722: MCC046UC0639 PILHA ALCALINA ELGIN PEQ.AA | D722: 2 | E722: Estoque:package: | F722: Para o Mouse sem fio. | G722: =LEFT(C:C,12) -> MCC046UC0639 | I722: Paulo Henrique Chagas De Oliveira
A723: 46071 | B723: @Allison Breno Da Costa Borges Soares | C723: MCC049UC0604 FITA DE DEMARCAÇÃO AMARELA | D723: 2 | E723: Recebimento:truck: | F723: ---------------- | G723: =LEFT(C:C,12) -> MCC049UC0604 | I723: Allison Breno Da Costa Borges Soares
A724: 46072 | B724: @Jackson Alves Sales | C724: MCC015UC0008 FILME STRETCH 500X25 | D724: 10 | E724: Recebimento:truck: | F724: Para uso no recebimento | G724: =LEFT(C:C,12) -> MCC015UC0008 | I724: Jackson Alves Sales
A725: 46073 | B725: @Allison Breno Da Costa Borges Soares | C725: MCC046UC0596 ETIQUETA ADESIVA COUCHE BRANCA - 105X150MM SAS | D725: 16 | E725: Recebimento:truck: | F725: --------------------------- | G725: =LEFT(C:C,12) -> MCC046UC0596 | I725: Allison Breno Da Costa Borges Soares
... A728: 46073 | B728: @Yago Rocha Fernandes | C728: MCC015UC0038 BOBINA SHRINK 500MM | D728: 1 | E728: CIQ :qualidade: | F728: Uso na máquina | G728: =LEFT(C:C,12) -> MCC015UC0038 | I728: Yago Rocha Fernandes
A729: 46076 | B729: @Silvana Da Silva Pereira | C729: MCC015UC0045 FITA ADESIVA 69MM X 100M | D729: 24 | E729: Expedição:ex-escolas-exponenciais: | F729: Abastecimento | G729: =LEFT(C:C,12) -> MCC015UC0045 | H729: =IF(A729<>"","Saída","") -> Saída | I729: Silvana Da Silva Pereira
A730: 46076 | B730: @Cosme Marcio Barros Barbosa | C730: EMC015MO0001 RIBBON CERA PRETO 110MMX300M | D730: 8 | E730: Expedição:ex-escolas-exponenciais: | F730: Abastecimento | G730: =LEFT(C:C,12) -> EMC015MO0001 | I730: Cosme Marcio Barros Barbosa
A731: 46076 | B731: @Marcio Sthefani Bessa De Oliveira | C731: MCC015UC0008 FILME STRETCH 500X25 | D731: 15 | E731: Recebimento:truck: | F731: ---- | G731: =LEFT(C:C,12) -> MCC015UC0008 | I731: Marcio Sthefani Bessa De Oliveira
A732: 46076 | B732: @Francisco Renato Da Silva De Oliveira Junior | C732: EMC015MO0001 RIBBON CERA PRETO 110MMX300M | D732: 23 | E732: Expedição:ex-escolas-exponenciais: | F732: Para impressoras. zebras. | G732: =LEFT(C:C,12) -> EMC015MO0001 | I732: Francisco Renato Da Silva De Oliveira Junior
A733: 46076 | B733: @Francisco Renato Da Silva De Oliveira Junior | C733: MCC046UC0398 GRAMPO 26/6 COBREADO CX.C/5000 BACCHI | D733: 1 | E733: Expedição:ex-escolas-exponenciais: | F733: Para grampear as notas e packing list. | G733: =LEFT(C:C,12) -> MCC046UC0398 | I733: Francisco Renato Da Silva De Oliveira Junior
A734: 46076 | B734: @Francisco Renato Da Silva De Oliveira Junior | C734: MCC046UC0687 ETIQUETA COUCHE - 100X100X 1 | D734: 12 | E734: Expedição:ex-escolas-exponenciais: | F734: Para emissão de DANF. | G734: =LEFT(C:C,12) -> MCC046UC0687 | I734: Francisco Renato Da Silva De Oliveira Junior
A735: 46076 | B735: @Paulo Henrique Chagas De Oliveira | C735: EMC015MO0001 RIBBON CERA PRETO 110MMX300M | D735: 5 | E735: Recebimento:truck: | F735: Abastecer o setor | G735: =LEFT(C:C,12) -> EMC015MO0001 | I735: Paulo Henrique Chagas De Oliveira
A736: 46076 | B736: @Francisco Samuel Trindade Nascimento | C736: MCC015UC0008 FILME STRETCH 500X25 | D736: 10 | E736: Estoque:package: | F736: utilizar no estoque. | G736: =LEFT(C:C,12) -> MCC015UC0008 | I736: Francisco Samuel Trindade Nascimento
A737: 46077 | B737: @Suellen Aguiar Da Silva | C737: MCC046UC0082 PAPEL SULFITE A4 75G 500 FOLHAS | D737: 1 | E737: Expedição:ex-escolas-exponenciais: | F737: Acabaram as folhas do faturamento SAS. | G737: =LEFT(C:C,12) -> MCC046UC0082 | I737: Suellen Aguiar Da Silva
A738: 46077 | B738: @Suellen Aguiar Da Silva | C738: MCC046UC0687 ETIQUETA COUCHE - 100X100X 1 | D738: 1 | E738: Expedição:ex-escolas-exponenciais: | F738: Necessitamos de uma caixa de etiquetas para o faturamento SAS. | G738: =LEFT(C:C,12) -> MCC046UC0687 | I738: Suellen Aguiar Da Silva
A739: 46077 | B739: @Yago Rocha Fernandes | C739: MCC015UC0008 FILME STRETCH 500X25 | D739: 6 | E739: CIQ :qualidade: | F739: Uso no setor. | G739: =LEFT(C:C,12) -> MCC015UC0008 | I739: Yago Rocha Fernandes
A740: 46077 | B740: @Gabriel De Sousa Freitas | C740: MCC015UC0008 FILME STRETCH 500X25 | D740: 10 | E740: Estoque:package: | F740: Necessidade na operação | G740: =LEFT(C:C,12) -> MCC015UC0008 | I740: Gabriel De Sousa Freitas
A741: 46077 | B741: @Gabriel De Sousa Freitas | C741: MCC046UC0638 PILHA ALCALINA ELGIN PALITO AAA | D741: 1 | E741: Recebimento:truck: | F741: Necessidade para o mouse. | G741: =LEFT(C:C,12) -> MCC046UC0638 | I741: Gabriel De Sousa Freitas
A742: 46077 | B742: @Marcio Sthefani Bessa De Oliveira | C742: MCC015UC0008 FILME STRETCH 500X25 | D742: 50 | E742: Recebimento:truck: | F742: ------ | G742: =LEFT(C:C,12) -> MCC015UC0008 | I742: Marcio Sthefani Bessa De Oliveira
A743: 46077 | B743: @Yago Rocha Fernandes | C743: MCC015UC0045 FITA ADESIVA 69MM X 100M | D743: 12 | E743: CIQ :qualidade: | F743: Uso no setor | G743: =LEFT(C:C,12) -> MCC015UC0045 | H743: =IF(A743<>"","Saída","") -> Saída | I743: Yago Rocha Fernandes
A744: 46077 | B744: @Matheus De Almeida Rodrigues | C744: MCC015UC0008 FILME STRETCH 500X25 | D744: 7 | E744: Recebimento:truck: | F744: UTILIZAÇÃO NO RECEBIMENTO SAE | G744: =LEFT(C:C,12) -> MCC015UC0008 | I744: Matheus De Almeida Rodrigues
A745: 46077 | B745: @Jose Antoniel Silva Mesquita | C745: MCC046UC0526 CANETA PINCEL ATOMICO PRETA PILOT 1100 | D745: 1 | E745: PMM:livro-voador: | F745: ESTOU PRECISANDO | G745: =LEFT(C:C,12) -> MCC046UC0526 | I745: Jose Antoniel Silva Mesquita
A746: 46077 | B746: @Jose Antoniel Silva Mesquita | C746: MCC046UC0525 CANETA PINCEL ATOMICO AZUL PILOT 1100 | D746: 1 | E746: PMM:livro-voador: | F746: ESTOU PRECISANDOR | G746: =LEFT(C:C,12) -> MCC046UC0525 | I746: Jose Antoniel Silva Mesquita
A747: 46077 | B747: @Jose Antoniel Silva Mesquita | C747: MCC046UC0215 CANETA ESFEROGRAFICA ECONOMIC AZUL BIC | D747: 2 | E747: PMM:livro-voador: | F747: ESTOU PRECIZANDOR | G747: =LEFT(C:C,12) -> MCC046UC0215 | I747: Jose Antoniel Silva Mesquita
A748: 46078 | B748: @Silvana Da Silva Pereira | C748: MCC015UC0045 FITA ADESIVA 69MM X 100M | D748: 24 | E748: Expedição:ex-escolas-exponenciais: | F748: Abastecimento | G748: =LEFT(C:C,12) -> MCC015UC0045 | H748: =IF(A748<>"","Saída","") -> Saída | I748: Silvana Da Silva Pereira
A749: 46078 | B749: @Jose Antoniel Silva Mesquita | C749: MCC046UC0695 ETIQUETA COUCHE 98X50X1 | D749: 4 | E749: PMM:livro-voador: | F749: ACOBOU | G749: =LEFT(C:C,12) -> MCC046UC0695 | I749: Jose Antoniel Silva Mesquita
A750: 46078 | B750: @Jose Antoniel Silva Mesquita | C750: MCC015UC0038 BOBINA SHRINK 500MM | D750: 1 | E750: PMM:livro-voador: | F750: ACOBOU AQUI NO PMM | G750: =LEFT(C:C,12) -> MCC015UC0038 | I750: Jose Antoniel Silva Mesquita
A751: 46079 | B751: @Jenifer da Silva Sousa | C751: MCC046UC0520 MARCA TEXTO LARANJA LUMICOLOR 200-SL PILOT | D751: 1 | E751: Recebimento:truck: | F751: Estou precisando. | G751: =LEFT(C:C,12) -> MCC046UC0520 | I751: Jenifer da Silva Sousa
A752: 46079 | B752: @Jenifer da Silva Sousa | C752: MCC046UC0540 POST-IT 653 C/4 BL 38X50MM VERDE/ROSA 100FLS 3M | D752: 1 | E752: Recebimento:truck: | F752: estou precisando. | G752: =LEFT(C:C,12) -> MCC046UC0540 | I752: Jenifer da Silva Sousa
A753: 46080 | B753: @Rejane Fontes De Sousa | C753: MCC015UC0008 FILME STRETCH 500X25 | D753: 8 | E753: Expedição:ex-escolas-exponenciais: | F753: PDV | G753: =LEFT(C:C,12) -> MCC015UC0008 | I753: Rejane Fontes De Sousa
A754: 46080 | B754: @Allison Breno Da Costa Borges Soares | C754: MCC015UC0045 FITA ADESIVA 69MM X 100M | D754: 24 | E754: Recebimento:truck: | F754: ------------------- | G754: =LEFT(C:C,12) -> MCC015UC0045 | H754: =IF(A754<>"","Saída","") -> Saída | I754: Allison Breno Da Costa Borges Soares
A755: 46080 | B755: @Jose Antoniel Silva Mesquita | C755: MCC015UC0038 BOBINA SHRINK 500MM | D755: 1 | E755: PMM:livro-voador: | F755: estou precisando | G755: =LEFT(C:C,12) -> MCC015UC0038 | I755: Jose Antoniel Silva Mesquita
A756: 46080 | B756: @Jose Antoniel Silva Mesquita | C756: MCC046UC0695 ETIQUETA COUCHE 98X50X1 | D756: 10 | E756: PMM:livro-voador: | F756: estou precisando no pmm | G756: =LEFT(C:C,12) -> MCC046UC0695 | I756: Jose Antoniel Silva Mesquita
A757: 46083 | B757: @Jackson Alves Sales | C757: MCC015UC0045 FITA ADESIVA 69MM X 100M | D757: 8 | E757: Recebimento:truck: | F757: para uso no recebimento | G757: =LEFT(C:C,12) -> MCC015UC0045 | H757: =IF(A757<>"","Saída","") -> Saída | I757: Jackson Alves Sales
A758: 46083 | B758: @Cosme Marcio Barros Barbosa | C758: MCC049UC0609 PINCEL ATOMICO VERMELHO PERMANENTE | D758: 1 | E758: Expedição:ex-escolas-exponenciais: | F758: Abastecimento | G758: =LEFT(C:C,12) -> MCC049UC0609 | I758: Cosme Marcio Barros Barbosa
A759: 46083 | B759: @Allison Breno Da Costa Borges Soares | C759: MCC015UC0008 FILME STRETCH 500X25 | D759: 50 | E759: Recebimento:truck: | F759: --------------------------- | G759: =LEFT(C:C,12) -> MCC015UC0008 | I759: Allison Breno Da Costa Borges Soares
A760: 46084 | B760: @Yago Rocha Fernandes | C760: MCC015UC0008 FILME STRETCH 500X25 | D760: 6 | E760: CIQ :qualidade: | F760: USO NO SETOR. | G760: =LEFT(C:C,12) -> MCC015UC0008 | I760: Yago Rocha Fernandes
A761: 46084 | B761: @Jose Edervanio Lima Mateus | C761: MCC046UC0215 CANETA ESFEROGRAFICA ECONOMIC AZUL BIC | D761: 5 | E761: Expedição:ex-escolas-exponenciais: | F761: reposição | G761: =LEFT(C:C,12) -> MCC046UC0215 | I761: Jose Edervanio Lima Mateus
...

Sheet Entradas
A1: DATA SOLICITAÇÃO | B1: CÓDIGO | C1: ITEM | D1: CATEGORIA | E1: QUANTIDADE | F1: VALOR UNITÁRIO | G1: VALOR TOTAL | H1: FORNECEDOR | I1: CNPJ | J1: DATA ENTREGA | K1: MÊS ENTREGA | L1: TIPO DE MOVIMENTAÇÃO | M1: RESPONSÁVEL | N1: OBS
A2: 45856 | B2: MCC046UC0164 | C2: APAGADOR P/ QUADRO BRANCO RADEX | E2: 2 | L2: Entrada | M2: Francisco Edson Oliveira Dos Santos Vieira
A3: 45856 | B3: MCC015UC0038 | C3: BOBINA SHRINK 500MM | E3: 7 | L3: Entrada | M3: Francisco Edson Oliveira Dos Santos Vieira
A4: 45856 | B4: MCC046UC0210 | C4: CALCULADORA MESA 12 DIGITOS ZT 712 ZETA | E4: 20 | L4: Entrada | M4: Francisco Edson Oliveira Dos Santos Vieira
A5: 45856 | B5: MCC049UC0601 | C5: CANETA ESFEROGRAFICA COMPACTOR VERMELHA | E5: 80 | L5: Entrada | M5: Francisco Edson Oliveira Dos Santos Vieira
A6: 45856 | B6: MCC046UC0215 | C6: CANETA ESFEROGRAFICA ECONOMIC AZUL BIC | E6: 118 | L6: Entrada | M6: Francisco Edson Oliveira Dos Santos Vieira
A7: 45856 | B7: MCC046UC0216 | C7: CANETA ESFEROGRAFICA ECONOMIC PRETA BIC | E7: 146 | L7: Entrada | M7: Francisco Edson Oliveira Dos Santos Vieira
A8: 45856 | B8: MCC046UC0525 | C8: CANETA PINCEL ATOMICO AZUL PILOT 1100 | E8: 25 | L8: Entrada | M8: Francisco Edson Oliveira Dos Santos Vieira
A9: 45856 | B9: MCC046UC0526 | C9: CANETA PINCEL ATOMICO PRETA PILOT 1100 | E9: 19 | L9: Entrada | M9: Francisco Edson Oliveira Dos Santos Vieira
A10: 45856 | B10: MCC046UC0674 | C10: CLIPS 6/0 | E10: 8 | L10: Entrada | M10: Francisco Edson Oliveira Dos Santos Vieira
A11: 45856 | B11: MCC046UC0052 | C11: CLIPS 8/0 | E11: 10 | L11: Entrada | M11: Francisco Edson Oliveira Dos Santos Vieira
A12: 45856 | B12: MCC046UC0617 | C12: CLIPS CHAPARRAU 2/0 CX C/100 UN GALV. | E12: 17 | L12: Entrada | M12: Francisco Edson Oliveira Dos Santos Vieira
A13: 45856 | B13: MCC046UC0315 | C13: ESTILETE 18MM PLASTICO LARGO BRW | E13: 0 | L13: Entrada | M13: Francisco Edson Oliveira Dos Santos Vieira
... A97: 46126 | B97: MCC046C00003 | C97: ETIQUETA 70MM AVALIACAO | E97: 7 | L97: Entrada | M97: Francisco Edson Oliveira Dos Santos Vieira
A98: 46126 | B98: MCC046UC0048 | C98: PAPEL MACULATURA GROSSO - KRAFT - 1,20CM | E98: 1 | L98: Entrada | M98: Francisco Edson Oliveira Dos Santos Vieira | N98: AJUSTE DE ESTOQUE
A99: 46127 | B99: MCC049UC0607 | C99: PAPEL A3 RESMA COM 500 FLS | E99: 11 | L99: Entrada | M99: Francisco Edson Oliveira Dos Santos Vieira | N99: AJUSTE DE ESTOQUE
A100: 46127 | B100: MCC046UC0668 | C100: ETIQUETA ADESIVA COUCHE CINZA 100X150X1 | E100: 116 | L100: Entrada | M100: Francisco Edson Oliveira Dos Santos Vieira | N100: AJUSTE DE ESTOQUE
A101: 46127 | B101: MCC049UC0607 | C101: PAPEL A3 RESMA COM 500 FLS | E101: 9 | L101: Entrada | M101: Francisco Edson Oliveira Dos Santos Vieira | N101: AJUSTE DE ESTOQUE
A102: 46127 | B102: MCC015UC0047 | C102: ETIQUETA CORTESIA | E102: 34 | L102: Entrada | M102: Francisco Edson Oliveira Dos Santos Vieira | N102: AJUSTE DE ESTOQUE
A103: 46127 | B103: MCC049UC0288 | C103: FITILHO POLIPROPILENO P/EMBALAGEM | E103: 21 | L103: Entrada | M103: Francisco Edson Oliveira Dos Santos Vieira | N103: AJUSTE DE ESTOQUE
A104: 46127 | B104: MCC046UC0596 | C104: ETIQUETA ADESIVA COUCHE BRANCA - 105X150MM SAS | E104: 72 | L104: Entrada | M104: Francisco Edson Oliveira Dos Santos Vieira | N104: AJUSTE DE ESTOQUE
A105: 46127 | B105: EMC015MO0007 | C105: RIBBON CERA PRETO 110MMX74M | E105: 42 | L105: Entrada | M105: Francisco Edson Oliveira Dos Santos Vieira | N105: AJUSTE DE ESTOQUE
A106: 46147 | B106: MCC046UC0048 | C106: PAPEL MACULATURA GROSSO - KRAFT - 1,20CM | E106: 2 | L106: Entrada | M106: Francisco Edson Oliveira Dos Santos Vieira | N106: AJUSTE DE ESTOQUE
A107: 46147 | B107: MCC015UC0008 | C107: FILME STRETCH 500X25 | E107: 100 | L107: Entrada | M107: Francisco Edson Oliveira Dos Santos Vieira
A108: 46148 | B108: MCC046UC0596 | C108: ETIQUETA ADESIVA COUCHE BRANCA - 105X150MM SAS | E108: 141 | L108: Entrada | M108: Francisco Edson Oliveira Dos Santos Vieira | N108: AJUSTE DE ESTOQUE
A109: 46148 | B109: MCC049UC0288 | C109: FITILHO POLIPROPILENO P/EMBALAGEM | E109: 51 | L109: Entrada | M109: Francisco Edson Oliveira Dos Santos Vieira | N109: AJUSTE DE ESTOQUE
A110: 46148 | B110: MCC015UC0045 | C110: FITA ADESIVA 69MM X 100M | E110: 86 | L110: Entrada | M110: Francisco Edson Oliveira Dos Santos Vieira | N110: AJUSTE DE ESTOQUE
A111: 46148 | B111: MCC046UC0598 | C111: ETIQUETA ADESIVA COUCHE AZUL - 105X150MM SAS | E111: 3 | L111: Entrada | M111: Francisco Edson Oliveira Dos Santos Vieira | N111: AJUSTE DE ESTOQUE
A112: 46148 | B112: MCC015UC0008 | C112: FILME STRETCH 500X25 | E112: 100 | L112: Entrada | M112: Francisco Edson Oliveira Dos Santos Vieira
A113: 46148 | B113: MCC015UC0038 | C113: BOBINA SHRINK 500MM | E113: 2 | L113: Entrada | M113: Francisco Edson Oliveira Dos Santos Vieira | N113: AJUSTE DE ESTOQUE
A114: 46155 | B114: MCC015UC0038 | C114: BOBINA SHRINK 500MM | E114: 6 | L114: Entrada | M114: Francisco Edson Oliveira Dos Santos Vieira
A115: 46155 | B115: MCC015UC0008 | C115: FILME STRETCH 500X25 | E115: 300 | L115: Entrada | M115: Francisco Edson Oliveira Dos Santos Vieira
A116: 46155 | B116: MCC046UC0082 | C116: PAPEL SULFITE A4 75G 500 FOLHAS | E116: 250 | L116: Entrada | M116: Francisco Edson Oliveira Dos Santos Vieira
A117: 46155 | B117: MCC049UC0610 | C117: GRAMPO PISTOLA ROCAMA 106/8 CX 5.000 UN | E117: 5 | L117: Entrada | M117: Francisco Edson Oliveira Dos Santos Vieira
A118: 46164 | B118: MCC046UC0659 | C118: ETIQUETA 70MM PROFESSOR | E118: 20 | L118: Entrada | M118: Francisco Edson Oliveira Dos Santos Vieira | N118: AJUSTE DE ESTOQUE
A119: 46164 | B119: MCC015UC0045 | C119: FITA ADESIVA 69MM X 100M | E119: 79 | L119: Entrada | M119: Francisco Edson Oliveira Dos Santos Vieira | N119: AJUSTE DE ESTOQUE
A120: 46164 | B120: MCC015C00002 | C120: FILME STRETCH MANUAL 500X0.025 - AZUL | E120: 13 | L120: Entrada | M120: Francisco Edson Oliveira Dos Santos Vieira
A121: 46164 | B121: MCC049UC0607 | C121: PAPEL A3 RESMA COM 500 FLS | E121: 20 | L121: Entrada | M121: Francisco Edson Oliveira Dos Santos Vieira | N121: AJUSTE DE ESTOQUE
A122: 46164 | B122: 30000107 | C122: CAIXA 7 | E122: 13206 | L122: Entrada | M122: Francisco Edson Oliveira Dos Santos Vieira | N122: AJUSTE DE ESTOQUE
A123: 46164 | B123: 30000108 | C123: CAIXA 8 | E123: 3100 | L123: Entrada | M123: Francisco Edson Oliveira Dos Santos Vieira | N123: AJUSTE DE ESTOQUE
A124: 46164 | B124: 30000109 | C124: CAIXA EMB PAPELÃO CV 295X255X70 | E124: 5602 | L124: Entrada | M124: Francisco Edson Oliveira Dos Santos Vieira | N124: AJUSTE DE ESTOQUE
A125: 46164 | B125: 30000110 | C125: CAIXA EMB PAPELÃO CV 375X285X70 | E125: 50126 | L125: Entrada | M125: Francisco Edson Oliveira Dos Santos Vieira | N125: AJUSTE DE ESTOQUE
A126: 46164 | B126: 30000101 | C126: CAIXA EMB PAPELÃO TF 285X215X280 | E126: 19501 | L126: Entrada | M126: Francisco Edson Oliveira Dos Santos Vieira | N126: AJUSTE DE ESTOQUE
A127: 46164 | B127: 30000103 | C127: CAIXA EMB PAPELÃO TF 290X280X280 | E127: 18101 | L127: Entrada | M127: Francisco Edson Oliveira Dos Santos Vieira | N127: AJUSTE DE ESTOQUE
A128: 46164 | B128: 30000104 | C128: CAIXA EMB PAPELÃO TF 345X290X280 | E128: 8102 | L128: Entrada | M128: Francisco Edson Oliveira Dos Santos Vieira | N128: AJUSTE DE ESTOQUE
A129: 46164 | B129: 30000102 | C129: CAIXA EMB PAPELÃO TF 290X250X280 | E129: 19653 | L129: Entrada | M129: Francisco Edson Oliveira Dos Santos Vieira | N129: AJUSTE DE ESTOQUE
A130: 46182 | B130: MCC046C00003 | C130: ETIQUETA 70MM AVALIACAO | E130: 68 | L130: Entrada | M130: Francisco Edson Oliveira Dos Santos Vieira | N130: AJUSTE DE ESTOQUE
A131: 46182 | B131: MCC015UC0045 | C131: FITA ADESIVA 69MM X 100M | E131: 1249 | L131: Entrada | M131: Francisco Edson Oliveira Dos Santos Vieira | N131: AJUSTE DE ESTOQUE
A132: 46182 | B132: MCC049UC0607 | C132: PAPEL A3 RESMA COM 500 FLS | E132: 10 | L132: Entrada | M132: Francisco Edson Oliveira Dos Santos Vieira | N132: AJUSTE DE ESTOQUE
A133: 46182 | B133: MCC015C00002 | C133: FILME STRETCH MANUAL 500X0.025 - AZUL | E133: 10 | L133: Entrada | M133: Francisco Edson Oliveira Dos Santos Vieira | N133: AJUSTE DE ESTOQUE
A134: 46182 | B134: MCC046UC0048 | C134: PAPEL MACULATURA GROSSO - KRAFT - 1,20CM | E134: 544 | L134: Entrada | M134: Francisco Edson Oliveira Dos Santos Vieira | N134: AJUSTE DE ESTOQUE
A135: 46182 | B135: MCC015UC0038 | C135: BOBINA SHRINK 500MM | E135: 6 | L135: Entrada | M135: Francisco Edson Oliveira Dos Santos Vieira | N135: AJUSTE DE ESTOQUE

Sheet Saídas
A1: DATA SOLICITAÇÃO | B1: ITEM SLACK | C1: CÓDIGO | D1: ITEM | E1: QUANTIDADE | F1: UNIDADE | G1: SETOR | H1: SOLICITANTE SLACK | I1: JUSTIFICATIVA SLACK | J1: TIPO DE MOVIMENTAÇAO
A2: 45868 | B2: MCC015UC0045 FITA ADESIVA 69MM X 100M | C2: =IFERROR(__xludf.DUMMYFUNCTION("ARRAYFORMULA( IF(B2:B1209="""","""",REGEXEXTRACT( TRIM(SUBSTITUTE(B2:B1209,CHAR(160),"" "")), ""^\S+"" ))) "),"MCC015UC0045") -> MCC015UC0045 | D2: =IFERROR(__xludf.DUMMYFUNCTION("ARRAYFORMULA( IF(B2:B1209="""","""",REGEXREPLACE( TRIM(SUBSTITUTE(B2:B1209,CHAR(160),"" "")), ""^\S+\s*"", """" ))) "),"FITA ADESIVA 69MM X 100M") -> FITA ADESIVA 69MM X 100M | E2: 10 | H2: @Jose Edervanio Lima Mateus | I2: Estoque de fita da expedição zerou. | J2: Saída
A3: 45868 | B3: MCC015UC0045 FITA ADESIVA 69MM X 100M | C3: =IFERROR(__xludf.DUMMYFUNCTION("""COMPUTED_VALUE"""),"MCC015UC0045") -> MCC015UC0045 | D3: =IFERROR(__xludf.DUMMYFUNCTION("""COMPUTED_VALUE"""),"FITA ADESIVA 69MM X 100M") -> FITA ADESIVA 69MM X 100M | E3: 4 | H3: @Diego Araujo Dias | I3: Demanda de caixa na expedição, 4 rolos. | J3: Saída
A4: 45875 | B4: MCC015UC0045 FITA ADESIVA 69MM X 100M | C4: =IFERROR(__xludf.DUMMYFUNCTION("""COMPUTED_VALUE"""),"MCC015UC0045") -> MCC015UC0045 | D4: =IFERROR(__xludf.DUMMYFUNCTION("""COMPUTED_VALUE"""),"FITA ADESIVA 69MM X 100M") -> FITA ADESIVA 69MM X 100M | E4: 24 | H4: @Francisco Antonio Pinheiro De Sousa | I4: Para V4 | J4: Saída
A5: 45875 | B5: MCC015UC0045 FITA ADESIVA 69MM X 100M | C5: =IFERROR(__xludf.DUMMYFUNCTION("""COMPUTED_VALUE"""),"MCC015UC0045") -> MCC015UC0045 | D5: =IFERROR(__xludf.DUMMYFUNCTION("""COMPUTED_VALUE"""),"FITA ADESIVA 69MM X 100M") -> FITA ADESIVA 69MM X 100M | E5: 10 | H5: @Jose Antoniel Silva Mesquita | I5: reposição de insumos pmm | J5: Saída
A6: 45881 | B6: MCC015UC0045 FITA ADESIVA 69MM X 100M | C6: =IFERROR(__xludf.DUMMYFUNCTION("""COMPUTED_VALUE"""),"MCC015UC0045") -> MCC015UC0045 | D6: =IFERROR(__xludf.DUMMYFUNCTION("""COMPUTED_VALUE"""),"FITA ADESIVA 69MM X 100M") -> FITA ADESIVA 69MM X 100M | E6: 1 | H6: @Paulo Henrique Chagas De Oliveira | I6: Abastecimento do PMM | J6: Saída
A7: 45881 | B7: MCC015UC0045 FITA ADESIVA 69MM X 100M | C7: =IFERROR(__xludf.DUMMYFUNCTION("""COMPUTED_VALUE"""),"MCC015UC0045") -> MCC015UC0045 | D7: =IFERROR(__xludf.DUMMYFUNCTION("""COMPUTED_VALUE"""),"FITA ADESIVA 69MM X 100M") -> FITA ADESIVA 69MM X 100M | E7: 24 | H7: @Francisco Antonio Pinheiro De Sousa | I7: V4 | J7: Saída
A8: 45883 | B8: MCC015UC0045 FITA ADESIVA 69MM X 100M | C8: =IFERROR(__xludf.DUMMYFUNCTION("""COMPUTED_VALUE"""),"MCC015UC0045") -> MCC015UC0045 | D8: =IFERROR(__xludf.DUMMYFUNCTION("""COMPUTED_VALUE"""),"FITA ADESIVA 69MM X 100M") -> FITA ADESIVA 69MM X 100M | E8: 24 | H8: @Cosme Marcio Barros Barbosa | I8: Envio principal v4 | J8: Saída
A9: 45887 | B9: MCC015UC0045 FITA ADESIVA 69MM X 100M | C9: =IFERROR(__xludf.DUMMYFUNCTION("""COMPUTED_VALUE"""),"MCC015UC0045") -> MCC015UC0045 | D9: =IFERROR(__xludf.DUMMYFUNCTION("""COMPUTED_VALUE"""),"FITA ADESIVA 69MM X 100M") -> FITA ADESIVA 69MM X 100M | E9: 12 | H9: @Francisco Antonio Pinheiro De Sousa | I9: Para expedição | J9: Saída
A10: 45887 | B10: MCC015UC0045 FITA ADESIVA 69MM X 100M | C10: =IFERROR(__xludf.DUMMYFUNCTION("""COMPUTED_VALUE"""),"MCC015UC0045") -> MCC015UC0045 | D10: =IFERROR(__xludf.DUMMYFUNCTION("""COMPUTED_VALUE"""),"FITA ADESIVA 69MM X 100M") -> FITA ADESIVA 69MM X 100M | E10: 3 | G10: Expedição | H10: @Ana Virginia De Castro Costa | I10: para caixas na expedição | J10: Saída
A11: 45889 | B11: MCC015UC0045 FITA ADESIVA 69MM X 100M | C11: =IFERROR(__xludf.DUMMYFUNCTION("""COMPUTED_VALUE"""),"MCC015UC0045") -> MCC015UC0045 | D11: =IFERROR(__xludf.DUMMYFUNCTION("""COMPUTED_VALUE"""),"FITA ADESIVA 69MM X 100M") -> FITA ADESIVA 69MM X 100M | E11: 4 | H11: @Philipe Araujo Barroso | I11: Abastecimento da expedição | J11: Saída
A12: 45889 | B12: MCC015UC0045 FITA ADESIVA 69MM X 100M | C12: =IFERROR(__xludf.DUMMYFUNCTION("""COMPUTED_VALUE"""),"MCC015UC0045") -> MCC015UC0045 | D12: =IFERROR(__xludf.DUMMYFUNCTION("""COMPUTED_VALUE"""),"FITA ADESIVA 69MM X 100M") -> FITA ADESIVA 69MM X 100M | E12: 2 | H12: @Pedro Lucas Matias Do Nascimento | I12: FALTA DE FITA | J12: Saída
A13: 45889 | B13: MCC015UC0045 FITA ADESIVA 69MM X 100M | C13: =IFERROR(__xludf.DUMMYFUNCTION("""COMPUTED_VALUE"""),"MCC015UC0045") -> MCC015UC0045 | D13: =IFERROR(__xludf.DUMMYFUNCTION("""COMPUTED_VALUE"""),"FITA ADESIVA 69MM X 100M") -> FITA ADESIVA 69MM X 100M | E13: 2 | H13: @Matheus De Almeida Rodrigues | I13: Uso para devolução | J13: Saída
A14: 45890 | B14: MCC015UC0045 FITA ADESIVA 69MM X 100M | C14: =IFERROR(__xludf.DUMMYFUNCTION("""COMPUTED_VALUE"""),"MCC015UC0045") -> MCC015UC0045 | D14: =IFERROR(__xludf.DUMMYFUNCTION("""COMPUTED_VALUE"""),"FITA ADESIVA 69MM X 100M") -> FITA ADESIVA 69MM X 100M | E14: 12 | H14: @Silvana Da Silva Pereira | I14: faltou na expediçao | J14: Saída
A15: 45890 | B15: MCC015UC0045 FITA ADESIVA 69MM X 100M | C15: =IFERROR(__xludf.DUMMYFUNCTION("""COMPUTED_VALUE"""),"MCC015UC0045") -> MCC015UC0045 | D15: =IFERROR(__xludf.DUMMYFUNCTION("""COMPUTED_VALUE"""),"FITA ADESIVA 69MM X 100M") -> FITA ADESIVA 69MM X 100M | E15: 1 | H15: @Paulo Henrique Chagas De Oliveira | I15: Estoque: Colar QR code para contagem no inventário. | J15: Saída
A16: 45891 | B16: MCC015UC0045 FITA ADESIVA 69MM X 100M | C16: =IFERROR(__xludf.DUMMYFUNCTION("""COMPUTED_VALUE"""),"MCC015UC0045") -> MCC015UC0045 | D16: =IFERROR(__xludf.DUMMYFUNCTION("""COMPUTED_VALUE"""),"FITA ADESIVA 69MM X 100M") -> FITA ADESIVA 69MM X 100M | E16: 2 | H16: @Francisco Samuel Trindade Nascimento | I16: usar na demanda do estoque | J16: Saída
A17: 45891 | B17: MCC015UC0045 FITA ADESIVA 69MM X 100M | C17: =IFERROR(__xludf.DUMMYFUNCTION("""COMPUTED_VALUE"""),"MCC015UC0045") -> MCC015UC0045 | D17: =IFERROR(__xludf.DUMMYFUNCTION("""COMPUTED_VALUE"""),"FITA ADESIVA 69MM X 100M") -> FITA ADESIVA 69MM X 100M | E17: 6 | H17: @Silvana Da Silva Pereira | I17: falta na expediçao | J17: Saída
A18: 45892 | B18: MCC015UC0045 FITA ADESIVA 69MM X 100M | C18: =IFERROR(__xludf.DUMMYFUNCTION("""COMPUTED_VALUE"""),"MCC015UC0045") -> MCC015UC0045 | D18: =IFERROR(__xludf.DUMMYFUNCTION("""COMPUTED_VALUE"""),"FITA ADESIVA 69MM X 100M") -> FITA ADESIVA 69MM X 100M | E18: 1 | H18: @Jose Antoniel Silva Mesquita | I18: ACABOU | J18: Saída
A19: 45894 | B19: MCC015UC0045 FITA ADESIVA 69MM X 100M | C19: =IFERROR(__xludf.DUMMYFUNCTION("""COMPUTED_VALUE"""),"MCC015UC0045") -> MCC015UC0045 | D19: =IFERROR(__xludf.DUMMYFUNCTION("""COMPUTED_VALUE"""),"FITA ADESIVA 69MM X 100M") -> FITA ADESIVA 69MM X 100M | E19: 10 | H19: @Jose Edervanio Lima Mateus | I19: uso na expedição. | J19: Saída
A20: 45894 | B20: MCC015UC0045 FITA ADESIVA 69MM X 100M | C20: =IFERROR(__xludf.DUMMYFUNCTION("""COMPUTED_VALUE"""),"MCC015UC0045") -> MCC015UC0045 | D20: =IFERROR(__xludf.DUMMYFUNCTION("""COMPUTED_VALUE"""),"FITA ADESIVA 69MM X 100M") -> FITA ADESIVA 69MM X 100M | E20: 10 | H20: @Jose Edervanio Lima Mateus | I20: expedição. peguei já | J20: Saída
A21: 45896 | B21: MCC015UC0045 FITA ADESIVA 69MM X 100M | C21: =IFERROR(__xludf.DUMMYFUNCTION("""COMPUTED_VALUE"""),"MCC015UC0045") -> MCC015UC0045 | D21: =IFERROR(__xludf.DUMMYFUNCTION("""COMPUTED_VALUE"""),"FITA ADESIVA 69MM X 100M") -> FITA ADESIVA 69MM X 100M | E21: 2 | H21: @Marcio Sthefani Bessa De Oliveira | I21: 2 unid para consumo | J21: Saída
A22: 45902 | B22: MCC015UC0045 FITA ADESIVA 69MM X 100M | C22: =IFERROR(__xludf.DUMMYFUNCTION("""COMPUTED_VALUE"""),"MCC015UC0045") -> MCC015UC0045 | D22: =IFERROR(__xludf.DUMMYFUNCTION("""COMPUTED_VALUE"""),"FITA ADESIVA 69MM X 100M") -> FITA ADESIVA 69MM X 100M | E22: 4 | H22: @Pericles Cavalcante De Lima Maciel | I22: Setor em falta. | J22: Saída
... A25: 45904 | B25: MCC015UC0045 FITA ADESIVA 69MM X 100M | C25: =IFERROR(__xludf.DUMMYFUNCTION("""COMPUTED_VALUE"""),"MCC015UC0045") -> MCC015UC0045 | D25: =IFERROR(__xludf.DUMMYFUNCTION("""COMPUTED_VALUE"""),"FITA ADESIVA 69MM X 100M") -> FITA ADESIVA 69MM X 100M | E25: 6 | H25: @Yago Rocha Fernandes | I25: Para fechar as caixas após inspeção Obs.: 6UNIDADES | J25: Saída
A26: 45908 | B26: MCC015UC0045 FITA ADESIVA 69MM X 100M | C26: =IFERROR(__xludf.DUMMYFUNCTION("""COMPUTED_VALUE"""),"MCC015UC0045") -> MCC015UC0045 | D26: =IFERROR(__xludf.DUMMYFUNCTION("""COMPUTED_VALUE"""),"FITA ADESIVA 69MM X 100M") -> FITA ADESIVA 69MM X 100M | E26: 2 | G26: Recebimento | H26: @Allison Breno Da Costa Borges Soares | I26: Fitas para uso no recebimento. | J26: Saída
A27: 45909 | B27: MCC015UC0045 FITA ADESIVA 69MM X 100M | C27: =IFERROR(__xludf.DUMMYFUNCTION("""COMPUTED_VALUE"""),"MCC015UC0045") -> MCC015UC0045 | D27: =IFERROR(__xludf.DUMMYFUNCTION("""COMPUTED_VALUE"""),"FITA ADESIVA 69MM X 100M") -> FITA ADESIVA 69MM X 100M | E27: 4 | H27: @Allison Breno Da Costa Borges Soares | I27: Uso na devolução. | J27: Saída
A28: 45909 | B28: MCC015UC0045 FITA ADESIVA 69MM X 100M | C28: =IFERROR(__xludf.DUMMYFUNCTION("""COMPUTED_VALUE"""),"MCC015UC0045") -> MCC015UC0045 | D28: =IFERROR(__xludf.DUMMYFUNCTION("""COMPUTED_VALUE"""),"FITA ADESIVA 69MM X 100M") -> FITA ADESIVA 69MM X 100M | E28: 1 | H28: @Pedro Lucas Matias Do Nascimento | I28: FALTA NA DEVOLUÇÃO | J28: Saída
A29: 45910 | B29: MCC015UC0045 FITA ADESIVA 69MM X 100M | C29: =IFERROR(__xludf.DUMMYFUNCTION("""COMPUTED_VALUE"""),"MCC015UC0045") -> MCC015UC0045 | D29: =IFERROR(__xludf.DUMMYFUNCTION("""COMPUTED_VALUE"""),"FITA ADESIVA 69MM X 100M") -> FITA ADESIVA 69MM X 100M | E29: 4 | H29: @Paulo Henrique Chagas De Oliveira | I29: Abastecimento do PMM | J29: Saída
A30: 45912 | B30: MCC015UC0045 FITA ADESIVA 69MM X 100M | C30: =IFERROR(__xludf.DUMMYFUNCTION("""COMPUTED_VALUE"""),"MCC015UC0045") -> MCC015UC0045 | D30: =IFERROR(__xludf.DUMMYFUNCTION("""COMPUTED_VALUE"""),"FITA ADESIVA 69MM X 100M") -> FITA ADESIVA 69MM X 100M | E30: 10 | H30: @Silvana Da Silva Pereira | I30: Zerou na expedição | J30: Saída
A31: 45912 | B31: MCC015UC0045 FITA ADESIVA 69MM X 100M | C31: =IFERROR(__xludf.DUMMYFUNCTION("""COMPUTED_VALUE"""),"MCC015UC0045") -> MCC015UC0045 | D31: =IFERROR(__xludf.DUMMYFUNCTION("""COMPUTED_VALUE"""),"FITA ADESIVA 69MM X 100M") -> FITA ADESIVA 69MM X 100M | E31: 1 | H31: @Francisco Samuel Trindade Nascimento | I31: para usar no aplicador de fita. | J31: Saída
A32: 45912 | B32: MCC015UC0045 FITA ADESIVA 69MM X 100M | C32: =IFERROR(__xludf.DUMMYFUNCTION("""COMPUTED_VALUE"""),"MCC015UC0045") -> MCC015UC0045 | D32: =IFERROR(__xludf.DUMMYFUNCTION("""COMPUTED_VALUE"""),"FITA ADESIVA 69MM X 100M") -> FITA ADESIVA 69MM X 100M | E32: 2 | H32: @Matheus De Almeida Rodrigues | I32: FITA PARA UTILIZAÇÃO NA DEVOLUÇÃO SAE | J32: Saída
A33: 45918 | B33: MCC015UC0045 FITA ADESIVA 69MM X 100M | C33: =IFERROR(__xludf.DUMMYFUNCTION("""COMPUTED_VALUE"""),"MCC015UC0045") -> MCC015UC0045 | D33: =IFERROR(__xludf.DUMMYFUNCTION("""COMPUTED_VALUE"""),"FITA ADESIVA 69MM X 100M") -> FITA ADESIVA 69MM X 100M | E33: 4 | H33: @Pericles Cavalcante De Lima Maciel | I33: Setor com falta ? | J33: Saída
A34: 45919 | B34: MCC015UC0045 FITA ADESIVA 69MM X 100M | C34: =IFERROR(__xludf.DUMMYFUNCTION("""COMPUTED_VALUE"""),"MCC015UC0045") -> MCC015UC0045 | D34: =IFERROR(__xludf.DUMMYFUNCTION("""COMPUTED_VALUE"""),"FITA ADESIVA 69MM X 100M") -> FITA ADESIVA 69MM X 100M | E34: 5 | H34: @Antonio Marcos De Albuquerque | I34: para uso na expedição | J34: Saída
A35: 45919 | B35: MCC015UC0045 FITA ADESIVA 69MM X 100M | C35: =IFERROR(__xludf.DUMMYFUNCTION("""COMPUTED_VALUE"""),"MCC015UC0045") -> MCC015UC0045 | D35: =IFERROR(__xludf.DUMMYFUNCTION("""COMPUTED_VALUE"""),"FITA ADESIVA 69MM X 100M") -> FITA ADESIVA 69MM X 100M | E35: 5 | H35: @Pedro Lucas Matias Do Nascimento | I35: SEM FITA NO RECEBIMENTO E DEVOLUÇÃO | J35: Saída
A36: 45923 | B36: MCC015UC0045 FITA ADESIVA 69MM X 100M | C36: =IFERROR(__xludf.DUMMYFUNCTION("""COMPUTED_VALUE"""),"MCC015UC0045") -> MCC015UC0045 | D36: =IFERROR(__xludf.DUMMYFUNCTION("""COMPUTED_VALUE"""),"FITA ADESIVA 69MM X 100M") -> FITA ADESIVA 69MM X 100M | E36: 5 | G36: Expedição | H36: @Ana Virginia De Castro Costa | I36: usar na expedição SAE E SAS | J36: Saída
A37: 45923 | B37: MCC015UC0045 FITA ADESIVA 69MM X 100M | C37: =IFERROR(__xludf.DUMMYFUNCTION("""COMPUTED_VALUE"""),"MCC015UC0045") -> MCC015UC0045 | D37: =IFERROR(__xludf.DUMMYFUNCTION("""COMPUTED_VALUE"""),"FITA ADESIVA 69MM X 100M") -> FITA ADESIVA 69MM X 100M | E37: 5 | H37: @Paulo Henrique Chagas De Oliveira | I37: Abastecer o PMM | J37: Saída
A38: 45924 | B38: MCC015UC0045 FITA ADESIVA 69MM X 100M | C38: =IFERROR(__xludf.DUMMYFUNCTION("""COMPUTED_VALUE"""),"MCC015UC0045") -> MCC015UC0045 | D38: =IFERROR(__xludf.DUMMYFUNCTION("""COMPUTED_VALUE"""),"FITA ADESIVA 69MM X 100M") -> FITA ADESIVA 69MM X 100M | E38: 4 | H38: @Pericles Cavalcante De Lima Maciel | I38: . | J38: Saída
A39: 45924 | B39: MCC015UC0045 FITA ADESIVA 69MM X 100M | C39: =IFERROR(__xludf.DUMMYFUNCTION("""COMPUTED_VALUE"""),"MCC015UC0045") -> MCC015UC0045 | D39: =IFERROR(__xludf.DUMMYFUNCTION("""COMPUTED_VALUE"""),"FITA ADESIVA 69MM X 100M") -> FITA ADESIVA 69MM X 100M | E39: 2 | G39: Recebimento | H39: @Allison Breno Da Costa Borges Soares | I39: USO NO RECEBIMENTO | J39: Saída
A40: 45924 | B40: MCC015UC0045 FITA ADESIVA 69MM X 100M | C40: =IFERROR(__xludf.DUMMYFUNCTION("""COMPUTED_VALUE"""),"MCC015UC0045") -> MCC015UC0045 | D40: =IFERROR(__xludf.DUMMYFUNCTION("""COMPUTED_VALUE"""),"FITA ADESIVA 69MM X 100M") -> FITA ADESIVA 69MM X 100M | E40: 1 | H40: @Jose Antoniel Silva Mesquita | I40: para o estoque | J40: Saída
A41: 45924 | B41: MCC015UC0045 FITA ADESIVA 69MM X 100M | C41: =IFERROR(__xludf.DUMMYFUNCTION("""COMPUTED_VALUE"""),"MCC015UC0045") -> MCC015UC0045 | D41: =IFERROR(__xludf.DUMMYFUNCTION("""COMPUTED_VALUE"""),"FITA ADESIVA 69MM X 100M") -> FITA ADESIVA 69MM X 100M | E41: 6 | H41: @Yago Rocha Fernandes | I41: USO DO CIQ | J41: Saída
A42: 45930 | B42: MCC015UC0045 FITA ADESIVA 69MM X 100M | C42: =IFERROR(__xludf.DUMMYFUNCTION("""COMPUTED_VALUE"""),"MCC015UC0045") -> MCC015UC0045 | D42: =IFERROR(__xludf.DUMMYFUNCTION("""COMPUTED_VALUE"""),"FITA ADESIVA 69MM X 100M") -> FITA ADESIVA 69MM X 100M | E42: 4 | G42: Recebimento | H42: @Allison Breno Da Costa Borges Soares | I42: USO NO RECEBIMENTO. | J42: Saída
A43: 45930 | B43: MCC015UC0045 FITA ADESIVA 69MM X 100M | C43: =IFERROR(__xludf.DUMMYFUNCTION("""COMPUTED_VALUE"""),"MCC015UC0045") -> MCC015UC0045 | D43: =IFERROR(__xludf.DUMMYFUNCTION("""COMPUTED_VALUE"""),"FITA ADESIVA 69MM X 100M") -> FITA ADESIVA 69MM X 100M | E43: 20 | H43: @Jose Edervanio Lima Mateus | I43: 1 cx para expedição | J43: Saída
A44: 45931 | B44: MCC015UC0045 FITA ADESIVA 69MM X 100M | C44: =IFERROR(__xludf.DUMMYFUNCTION("""COMPUTED_VALUE"""),"MCC015UC0045") -> MCC015UC0045 | D44: =IFERROR(__xludf.DUMMYFUNCTION("""COMPUTED_VALUE"""),"FITA ADESIVA 69MM X 100M") -> FITA ADESIVA 69MM X 100M | E44: 2 | H44: @Jose Antoniel Silva Mesquita | I44: para abastece o pmm | J44: Saída
A45: 45931 | B45: MCC015UC0045 FITA ADESIVA 69MM X 100M | C45: =IFERROR(__xludf.DUMMYFUNCTION("""COMPUTED_VALUE"""),"MCC015UC0045") -> MCC015UC0045 | D45: =IFERROR(__xludf.DUMMYFUNCTION("""COMPUTED_VALUE"""),"FITA ADESIVA 69MM X 100M") -> FITA ADESIVA 69MM X 100M | E45: 4 | H45: @Jose Antoniel Silva Mesquita | I45: PARA ABSTECE O PMM | J45: Saída
A46: 45931 | B46: MCC015UC0045 FITA ADESIVA 69MM X 100M | C46: =IFERROR(__xludf.DUMMYFUNCTION("""COMPUTED_VALUE"""),"MCC015UC0045") -> MCC015UC0045 | D46: =IFERROR(__xludf.DUMMYFUNCTION("""COMPUTED_VALUE"""),"FITA ADESIVA 69MM X 100M") -> FITA ADESIVA 69MM X 100M | E46: 4 | H46: @Jose Antoniel Silva Mesquita | I46: ABASTECE O PMM | J46: Saída
A47: 45931 | B47: MCC015UC0045 FITA ADESIVA 69MM X 100M | C47: =IFERROR(__xludf.DUMMYFUNCTION("""COMPUTED_VALUE"""),"MCC015UC0045") -> MCC015UC0045 | D47: =IFERROR(__xludf.DUMMYFUNCTION("""COMPUTED_VALUE"""),"FITA ADESIVA 69MM X 100M") -> FITA ADESIVA 69MM X 100M | E47: 2 | H47: @Jose Antoniel Silva Mesquita | I47: PARA O PMM | J47: Saída
A48: 45936 | B48: MCC015UC0045 FITA ADESIVA 69MM X 100M | C48: =IFERROR(__xludf.DUMMYFUNCTION("""COMPUTED_VALUE"""),"MCC015UC0045") -> MCC015UC0045 | D48: =IFERROR(__xludf.DUMMYFUNCTION("""COMPUTED_VALUE"""),"FITA ADESIVA 69MM X 100M") -> FITA ADESIVA 69MM X 100M | E48: 4 | G48: Recebimento | H48: @Allison Breno Da Costa Borges Soares | I48: uso no recebimento | J48: Saída
A49: 45936 | B49: MCC015UC0045 FITA ADESIVA 69MM X 100M | C49: =IFERROR(__xludf.DUMMYFUNCTION("""COMPUTED_VALUE"""),"MCC015UC0045") -> MCC015UC0045 | D49: =IFERROR(__xludf.DUMMYFUNCTION("""COMPUTED_VALUE"""),"FITA ADESIVA 69MM X 100M") -> FITA ADESIVA 69MM X 100M | E49: 4 | G49: Estoque | H49: @Jose Antoniel Silva Mesquita | I49: acabou no estoque | J49: Saída
A50: 45936 | B50: MCC015UC0045 FITA ADESIVA 69MM X 100M | C50: =IFERROR(__xludf.DUMMYFUNCTION("""COMPUTED_VALUE"""),"MCC015UC0045") -> MCC015UC0045 | D50: =IFERROR(__xludf.DUMMYFUNCTION("""COMPUTED_VALUE"""),"FITA ADESIVA 69MM X 100M") -> FITA ADESIVA 69MM X 100M | E50: 3 | G50: Recebimento | H50: @Matheus De Almeida Rodrigues | I50: USO NA DEVOLUÇÃO SAS | J50: Saída
A51: 45939 | B51: MCC015UC0045 FITA ADESIVA 69MM X 100M | C51: =IFERROR(__xludf.DUMMYFUNCTION("""COMPUTED_VALUE"""),"MCC015UC0045") -> MCC015UC0045 | D51: =IFERROR(__xludf.DUMMYFUNCTION("""COMPUTED_VALUE"""),"FITA ADESIVA 69MM X 100M") -> FITA ADESIVA 69MM X 100M | E51: 4 | G51: Recebimento | H51: @Pericles Cavalcante De Lima Maciel | I51: DEVOLUÇÃO SAE, 4 UNIDADES. | J51: Saída
A52: 45939 | B52: MCC015UC0045 FITA ADESIVA 69MM X 100M | C52: =IFERROR(__xludf.DUMMYFUNCTION("""COMPUTED_VALUE"""),"MCC015UC0045") -> MCC015UC0045 | D52: =IFERROR(__xludf.DUMMYFUNCTION("""COMPUTED_VALUE"""),"FITA ADESIVA 69MM X 100M") -> FITA ADESIVA 69MM X 100M | E52: 8 | G52: CIQ | H52: @Yago Rocha Fernandes | I52: Para fechar as caixas | J52: Saída
A53: 45944 | B53: MCC015UC0045 FITA ADESIVA 69MM X 100M | C53: =IFERROR(__xludf.DUMMYFUNCTION("""COMPUTED_VALUE"""),"MCC015UC0045") -> MCC015UC0045 | D53: =IFERROR(__xludf.DUMMYFUNCTION("""COMPUTED_VALUE"""),"FITA ADESIVA 69MM X 100M") -> FITA ADESIVA 69MM X 100M | E53: 3 | G53: Recebimento | H53: @Matheus De Almeida Rodrigues | I53: FITA PARA USO NA DEVOLUÇÃO E RECEBIMENTO SAS | J53: Saída
A54: 45944 | B54: MCC015UC0045 FITA ADESIVA 69MM X 100M | C54: =IFERROR(__xludf.DUMMYFUNCTION("""COMPUTED_VALUE"""),"MCC015UC0045") -> MCC015UC0045 | D54: =IFERROR(__xludf.DUMMYFUNCTION("""COMPUTED_VALUE"""),"FITA ADESIVA 69MM X 100M") -> FITA ADESIVA 69MM X 100M | E54: 24 | G54: Expedição | H54: @Silvana Da Silva Pereira | I54: Abastecer pro v1 | J54: Saída
A55: 45944 | B55: MCC015UC0045 FITA ADESIVA 69MM X 100M | C55: =IFERROR(__xludf.DUMMYFUNCTION("""COMPUTED_VALUE"""),"MCC015UC0045") -> MCC015UC0045 | D55: =IFERROR(__xludf.DUMMYFUNCTION("""COMPUTED_VALUE"""),"FITA ADESIVA 69MM X 100M") -> FITA ADESIVA 69MM X 100M | E55: 8 | G55: Recebimento | H55: @Allison Breno Da Costa Borges Soares | I55: USO NO RECEBIMENTO. | J55: Saída
A56: 45945 | B56: MCC015UC0045 FITA ADESIVA 69MM X 100M | C56: =IFERROR(__xludf.DUMMYFUNCTION("""COMPUTED_VALUE"""),"MCC015UC0045") -> MCC015UC0045 | D56: =IFERROR(__xludf.DUMMYFUNCTION("""COMPUTED_VALUE"""),"FITA ADESIVA 69MM X 100M") -> FITA ADESIVA 69MM X 100M | E56: 6 | G56: Recebimento | H56: @Jackson Alves Sales | I56: Recebimento SAE | J56: Saída
A57: 45945 | B57: MCC015UC0045 FITA ADESIVA 69MM X 100M | C57: =IFERROR(__xludf.DUMMYFUNCTION("""COMPUTED_VALUE"""),"MCC015UC0045") -> MCC015UC0045 | D57: =IFERROR(__xludf.DUMMYFUNCTION("""COMPUTED_VALUE"""),"FITA ADESIVA 69MM X 100M") -> FITA ADESIVA 69MM X 100M | E57: 1 | G57: Recebimento | H57: @Matheus De Almeida Rodrigues | I57: FITA PARA UTILIZAÇÃO NA DEVOLUÇÃO SAS | J57: Saída
A58: 45945 | B58: MCC015UC0045 FITA ADESIVA 69MM X 100M | C58: =IFERROR(__xludf.DUMMYFUNCTION("""COMPUTED_VALUE"""),"MCC015UC0045") -> MCC015UC0045 | D58: =IFERROR(__xludf.DUMMYFUNCTION("""COMPUTED_VALUE"""),"FITA ADESIVA 69MM X 100M") -> FITA ADESIVA 69MM X 100M | E58: 4 | G58: PMM | H58: @Gabriel De Sousa Freitas | I58: Necessidade no setor. | J58: Saída
A59: 45945 | B59: MCC015UC0045 FITA ADESIVA 69MM X 100M | C59: =IFERROR(__xludf.DUMMYFUNCTION("""COMPUTED_VALUE"""),"MCC015UC0045") -> MCC015UC0045 | D59: =IFERROR(__xludf.DUMMYFUNCTION("""COMPUTED_VALUE"""),"FITA ADESIVA 69MM X 100M") -> FITA ADESIVA 69MM X 100M | E59: 11 | G59: PMM | H59: @Jose Antoniel Silva Mesquita | I59: reabastece o pmm | J59: Saída
... A144: 46097 | B144: MCC015UC0045 FITA ADESIVA 69MM X 100M | C144: =IFERROR(__xludf.DUMMYFUNCTION("""COMPUTED_VALUE"""),"MCC015UC0045") -> MCC015UC0045 | D144: =IFERROR(__xludf.DUMMYFUNCTION("""COMPUTED_VALUE"""),"FITA ADESIVA 69MM X 100M") -> FITA ADESIVA 69MM X 100M | E144: 24 | G144: Expedição | H144: @Philipe Araujo Barroso | I144: embalagem | J144: Saída
A145: 46098 | B145: MCC046UC0687 ETIQUETA COUCHE - 100X100X 1 | C145: =IFERROR(__xludf.DUMMYFUNCTION("""COMPUTED_VALUE"""),"MCC046UC0687") -> MCC046UC0687 | D145: =IFERROR(__xludf.DUMMYFUNCTION("""COMPUTED_VALUE"""),"ETIQUETA COUCHE - 100X100X 1") -> ETIQUETA COUCHE - 100X100X 1 | E145: 10 | G145: Expedição | H145: @Daniele Paulo Marques | I145: Faturamento | J145: Saída
A146: 46098 | B146: MCC049UC0607 PAPEL A3 RESMA COM 500 FLS | C146: =IFERROR(__xludf.DUMMYFUNCTION("""COMPUTED_VALUE"""),"MCC049UC0607") -> MCC049UC0607 | D146: =IFERROR(__xludf.DUMMYFUNCTION("""COMPUTED_VALUE"""),"PAPEL A3 RESMA COM 500 FLS") -> PAPEL A3 RESMA COM 500 FLS | E146: 20 | G146: Expedição | H146: @Ana Virginia De Castro Costa | I146: expedição | J146: Saída
A147: 46098 | B147: MCC046UC0687 ETIQUETA COUCHE - 100X100X 1 | C147: =IFERROR(__xludf.DUMMYFUNCTION("""COMPUTED_VALUE"""),"MCC046UC0687") -> MCC046UC0687 | D147: =IFERROR(__xludf.DUMMYFUNCTION("""COMPUTED_VALUE"""),"ETIQUETA COUCHE - 100X100X 1") -> ETIQUETA COUCHE - 100X100X 1 | E147: 24 | G147: Expedição | H147: @Ana Virginia De Castro Costa | I147: expedição | J147: Saída
A148: 46098 | B148: MCC015UC0045 FITA ADESIVA 69MM X 100M | C148: =IFERROR(__xludf.DUMMYFUNCTION("""COMPUTED_VALUE"""),"MCC015UC0045") -> MCC015UC0045 | D148: =IFERROR(__xludf.DUMMYFUNCTION("""COMPUTED_VALUE"""),"FITA ADESIVA 69MM X 100M") -> FITA ADESIVA 69MM X 100M | E148: 10 | G148: Expedição | H148: @Ana Virginia De Castro Costa | I148: expedição | J148: Saída
A149: 46098 | B149: MCC015UC0045 FITA ADESIVA 69MM X 100M | C149: =IFERROR(__xludf.DUMMYFUNCTION("""COMPUTED_VALUE"""),"MCC015UC0045") -> MCC015UC0045 | D149: =IFERROR(__xludf.DUMMYFUNCTION("""COMPUTED_VALUE"""),"FITA ADESIVA 69MM X 100M") -> FITA ADESIVA 69MM X 100M | E149: 20 | G149: Expedição | H149: @Ana Virginia De Castro Costa | I149: expedição | J149: Saída
A150: 46098 | B150: MCC015UC0038 BOBINA SHRINK 500MM | C150: =IFERROR(__xludf.DUMMYFUNCTION("""COMPUTED_VALUE"""),"MCC015UC0038") -> MCC015UC0038 | D150: =IFERROR(__xludf.DUMMYFUNCTION("""COMPUTED_VALUE"""),"BOBINA SHRINK 500MM") -> BOBINA SHRINK 500MM | E150: 1 | G150: CIQ | H150: @Yago Rocha Fernandes | I150: Uso para máquina de shrink | J150: Saída
A151: 46099 | B151: MCC046UC0216 CANETA ESFEROGRAFICA ECONOMIC PRETA BIC | C151: =IFERROR(__xludf.DUMMYFUNCTION("""COMPUTED_VALUE"""),"MCC046UC0216") -> MCC046UC0216 | D151: =IFERROR(__xludf.DUMMYFUNCTION("""COMPUTED_VALUE"""),"CANETA ESFEROGRAFICA ECONOMIC PRETA BIC") -> CANETA ESFEROGRAFICA ECONOMIC PRETA BIC | E151: 2 | G151: Estoque | H151: @Paulo Henrique Chagas De Oliveira | I151: Anotações do dia a dia. | J151: Saída
A152: 46099 | B152: EMC015MO0001 RIBBON CERA PRETO 110MMX300M | C152: =IFERROR(__xludf.DUMMYFUNCTION("""COMPUTED_VALUE"""),"EMC015MO0001") -> EMC015MO0001 | D152: =IFERROR(__xludf.DUMMYFUNCTION("""COMPUTED_VALUE"""),"RIBBON CERA PRETO 110MMX300M") -> RIBBON CERA PRETO 110MMX300M | E152: 4 | G152: PMM | H152: @Jose Antoniel Silva Mesquita | I152: Acabou estou precisando | J152: Saída
A153: 46099 | B153: MCC046UC0695 ETIQUETA COUCHE 98X50X1 | C153: =IFERROR(__xludf.DUMMYFUNCTION("""COMPUTED_VALUE"""),"MCC046UC0695") -> MCC046UC0695 | D153: =IFERROR(__xludf.DUMMYFUNCTION("""COMPUTED_VALUE"""),"ETIQUETA COUCHE 98X50X1") -> ETIQUETA COUCHE 98X50X1 | E153: 30 | G153: PMM | H153: @Jose Antoniel Silva Mesquita | I153: Estou precisando no PMM | J153: Saída
A154: 46099 | B154: MCC015UC0008 FILME STRETCH 500X25 | C154: =IFERROR(__xludf.DUMMYFUNCTION("""COMPUTED_VALUE"""),"MCC015UC0008") -> MCC015UC0008 | D154: =IFERROR(__xludf.DUMMYFUNCTION("""COMPUTED_VALUE"""),"FILME STRETCH 500X25") -> FILME STRETCH 500X25 | E154: 17 | G154: Recebimento | H154: @Allison Breno Da Costa Borges Soares | I154: ---------------- | J154: Saída
A155: 46100 | B155: MCC015UC0045 FITA ADESIVA 69MM X 100M | C155: =IFERROR(__xludf.DUMMYFUNCTION("""COMPUTED_VALUE"""),"MCC015UC0045") -> MCC015UC0045 | D155: =IFERROR(__xludf.DUMMYFUNCTION("""COMPUTED_VALUE"""),"FITA ADESIVA 69MM X 100M") -> FITA ADESIVA 69MM X 100M | E155: 30 | G155: Expedição | H155: @Rejane Fontes De Sousa | I155: Conferência | J155: Saída
A156: 46100 | B156: MCC046UC0658 ETIQUETA ADESIVA COUCHE LARANJA 100X150X1 | C156: =IFERROR(__xludf.DUMMYFUNCTION("""COMPUTED_VALUE"""),"MCC046UC0658") -> MCC046UC0658 | D156: =IFERROR(__xludf.DUMMYFUNCTION("""COMPUTED_VALUE"""),"ETIQUETA ADESIVA COUCHE LARANJA 100X150X1") -> ETIQUETA ADESIVA COUCHE LARANJA 100X150X1 | E156: 2 | G156: PMM | H156: @Jose Antoniel Silva Mesquita | I156: ACABOU NO PMM | J156: Saída
A157: 46100 | B157: MCC046UC0360 FITA ADESIVA DUPLA FACE 12mm X 20m 4910 VHB 3M | C157: =IFERROR(__xludf.DUMMYFUNCTION("""COMPUTED_VALUE"""),"MCC046UC0360") -> MCC046UC0360 | D157: =IFERROR(__xludf.DUMMYFUNCTION("""COMPUTED_VALUE"""),"FITA ADESIVA DUPLA FACE 12mm X 20m 4910 VHB 3M") -> FITA ADESIVA DUPLA FACE 12mm X 20m 4910 VHB 3M | E157: 1 | G157: PMM | H157: @Jose Antoniel Silva Mesquita | I157: Estou precisando | J157: Saída
A158: 46101 | B158: MCC015UC0008 FILME STRETCH 500X25 | C158: =IFERROR(__xludf.DUMMYFUNCTION("""COMPUTED_VALUE"""),"MCC015UC0008") -> MCC015UC0008 | D158: =IFERROR(__xludf.DUMMYFUNCTION("""COMPUTED_VALUE"""),"FILME STRETCH 500X25") -> FILME STRETCH 500X25 | E158: 6 | G158: Recebimento | H158: @Jackson Alves Sales | I158: para amarração da carga | J158: Saída
A159: 46101 | B159: MCC046UC0540 POST-IT 653 C/4 BL 38X50MM VERDE/ROSA 100FLS 3M | C159: =IFERROR(__xludf.DUMMYFUNCTION("""COMPUTED_VALUE"""),"MCC046UC0540") -> MCC046UC0540 | D159: =IFERROR(__xludf.DUMMYFUNCTION("""COMPUTED_VALUE"""),"POST-IT 653 C/4 BL 38X50MM VERDE/ROSA 100FLS 3M") -> POST-IT 653 C/4 BL 38X50MM VERDE/ROSA 100FLS 3M | E159: 2 | G159: Expedição | H159: @Daniele Paulo Marques | I159: PCE | J159: Saída
A160: 46101 | B160: MCC015UC0008 FILME STRETCH 500X25 | C160: =IFERROR(__xludf.DUMMYFUNCTION("""COMPUTED_VALUE"""),"MCC015UC0008") -> MCC015UC0008 | D160: =IFERROR(__xludf.DUMMYFUNCTION("""COMPUTED_VALUE"""),"FILME STRETCH 500X25") -> FILME STRETCH 500X25 | E160: 4 | G160: Recebimento | H160: @Jackson Alves Sales | I160: Realizar amarração | J160: Saída
A161: 46101 | B161: MCC015UC0045 FITA ADESIVA 69MM X 100M | C161: =IFERROR(__xludf.DUMMYFUNCTION("""COMPUTED_VALUE"""),"MCC015UC0045") -> MCC015UC0045 | D161: =IFERROR(__xludf.DUMMYFUNCTION("""COMPUTED_VALUE"""),"FITA ADESIVA 69MM X 100M") -> FITA ADESIVA 69MM X 100M | E161: 30 | G161: Expedição | H161: @Rejane Fontes De Sousa | I161: Conferência | J161: Saída
A162: 46101 | B162: MCC046UC0687 ETIQUETA COUCHE - 100X100X 1 | C162: =IFERROR(__xludf.DUMMYFUNCTION("""COMPUTED_VALUE"""),"MCC046UC0687") -> MCC046UC0687 | D162: =IFERROR(__xludf.DUMMYFUNCTION("""COMPUTED_VALUE"""),"ETIQUETA COUCHE - 100X100X 1") -> ETIQUETA COUCHE - 100X100X 1 | E162: 10 | G162: Expedição | H162: @Daniele Paulo Marques | I162: Faturamento | J162: Saída
A163: 46101 | B163: MCC046UC0082 PAPEL SULFITE A4 75G 500 FOLHAS | C163: =IFERROR(__xludf.DUMMYFUNCTION("""COMPUTED_VALUE"""),"MCC046UC0082") -> MCC046UC0082 | D163: =IFERROR(__xludf.DUMMYFUNCTION("""COMPUTED_VALUE"""),"PAPEL SULFITE A4 75G 500 FOLHAS") -> PAPEL SULFITE A4 75G 500 FOLHAS | E163: 10 | G163: PMM | H163: @Jose Antoniel Silva Mesquita | I163: Acabou estou precisando | J163: Saída
A164: 46104 | B164: MCC049UC0607 PAPEL A3 RESMA COM 500 FLS | C164: =IFERROR(__xludf.DUMMYFUNCTION("""COMPUTED_VALUE"""),"MCC049UC0607") -> MCC049UC0607 | D164: =IFERROR(__xludf.DUMMYFUNCTION("""COMPUTED_VALUE"""),"PAPEL A3 RESMA COM 500 FLS") -> PAPEL A3 RESMA COM 500 FLS | E164: 1 | G164: Expedição | H164: @Daniele Paulo Marques | I164: Faturamento | J164: Saída
A165: 46104 | B165: MCC046UC0599 ETIQUETA ADESIVA COUCHE AMARELA - 105X150MM SAS | C165: =IFERROR(__xludf.DUMMYFUNCTION("""COMPUTED_VALUE"""),"MCC046UC0599") -> MCC046UC0599 | D165: =IFERROR(__xludf.DUMMYFUNCTION("""COMPUTED_VALUE"""),"ETIQUETA ADESIVA COUCHE AMARELA - 105X150MM SAS") -> ETIQUETA ADESIVA COUCHE AMARELA - 105X150MM SAS | E165: 6 | G165: Expedição | H165: @Philipe Araujo Barroso | I165: Abastecimento da expedição. | J165: Saída
A166: 46104 | B166: MCC049UC0607 PAPEL A3 RESMA COM 500 FLS | C166: =IFERROR(__xludf.DUMMYFUNCTION("""COMPUTED_VALUE"""),"MCC049UC0607") -> MCC049UC0607 | D166: =IFERROR(__xludf.DUMMYFUNCTION("""COMPUTED_VALUE"""),"PAPEL A3 RESMA COM 500 FLS") -> PAPEL A3 RESMA COM 500 FLS | E166: 9 | G166: Expedição | H166: @Daniele Paulo Marques | I166: Faturamento | J166: Saída
A167: 46104 | B167: MCC015UC0045 FITA ADESIVA 69MM X 100M | C167: =IFERROR(__xludf.DUMMYFUNCTION("""COMPUTED_VALUE"""),"MCC015UC0045") -> MCC015UC0045 | D167: =IFERROR(__xludf.DUMMYFUNCTION("""COMPUTED_VALUE"""),"FITA ADESIVA 69MM X 100M") -> FITA ADESIVA 69MM X 100M | E167: 30 | G167: Expedição | H167: @Rejane Fontes De Sousa | I167: Embalagem | J167: Saída
A168: 46104 | B168: MCC046UC0398 GRAMPO 26/6 COBREADO CX.C/5000 BACCHI | C168: =IFERROR(__xludf.DUMMYFUNCTION("""COMPUTED_VALUE"""),"MCC046UC0398") -> MCC046UC0398 | D168: =IFERROR(__xludf.DUMMYFUNCTION("""COMPUTED_VALUE"""),"GRAMPO 26/6 COBREADO CX.C/5000 BACCHI") -> GRAMPO 26/6 COBREADO CX.C/5000 BACCHI | E168: 1 | G168: Expedição | H168: @Rejane Fontes De Sousa | I168: Assistentes | J168: Saída
A169: 46104 | B169: MCC046UC0398 GRAMPO 26/6 COBREADO CX.C/5000 BACCHI | C169: =IFERROR(__xludf.DUMMYFUNCTION("""COMPUTED_VALUE"""),"MCC046UC0398") -> MCC046UC0398 | D169: =IFERROR(__xludf.DUMMYFUNCTION("""COMPUTED_VALUE"""),"GRAMPO 26/6 COBREADO CX.C/5000 BACCHI") -> GRAMPO 26/6 COBREADO CX.C/5000 BACCHI | E169: 1 | G169: Expedição | H169: @Philipe Araujo Barroso | I169: Abastecimento expedição. | J169: Saída
A170: 46104 | B170: MCC015UC0008 FILME STRETCH 500X25 | C170: =IFERROR(__xludf.DUMMYFUNCTION("""COMPUTED_VALUE"""),"MCC015UC0008") -> MCC015UC0008 | D170: =IFERROR(__xludf.DUMMYFUNCTION("""COMPUTED_VALUE"""),"FILME STRETCH 500X25") -> FILME STRETCH 500X25 | E170: 10 | G170: Expedição | H170: @Rejane Fontes De Sousa | I170: PDV SAS | J170: Saída
A171: 46105 | B171: MCC046UC0215 CANETA ESFEROGRAFICA ECONOMIC AZUL BIC | C171: =IFERROR(__xludf.DUMMYFUNCTION("""COMPUTED_VALUE"""),"MCC046UC0215") -> MCC046UC0215 | D171: =IFERROR(__xludf.DUMMYFUNCTION("""COMPUTED_VALUE"""),"CANETA ESFEROGRAFICA ECONOMIC AZUL BIC") -> CANETA ESFEROGRAFICA ECONOMIC AZUL BIC | E171: 5 | G171: Expedição | H171: @Philipe Araujo Barroso | I171: Uso na expedição. | J171: Saída
A172: 46105 | B172: MCC015UC0008 FILME STRETCH 500X25 | C172: =IFERROR(__xludf.DUMMYFUNCTION("""COMPUTED_VALUE"""),"MCC015UC0008") -> MCC015UC0008 | D172: =IFERROR(__xludf.DUMMYFUNCTION("""COMPUTED_VALUE"""),"FILME STRETCH 500X25") -> FILME STRETCH 500X25 | E172: 3 | G172: Expedição | H172: @Rejane Fontes De Sousa | I172: PDV SAE | J172: Saída
A173: 46107 | B173: MCC015UC0008 FILME STRETCH 500X25 | C173: =IFERROR(__xludf.DUMMYFUNCTION("""COMPUTED_VALUE"""),"MCC015UC0008") -> MCC015UC0008 | D173: =IFERROR(__xludf.DUMMYFUNCTION("""COMPUTED_VALUE"""),"FILME STRETCH 500X25") -> FILME STRETCH 500X25 | E173: 6 | G173: CIQ | H173: @Yago Rocha Fernandes | I173: Uso para setor. | J173: Saída
A174: 46107 | B174: MCC015UC0045 FITA ADESIVA 69MM X 100M | C174: =IFERROR(__xludf.DUMMYFUNCTION("""COMPUTED_VALUE"""),"MCC015UC0045") -> MCC015UC0045 | D174: =IFERROR(__xludf.DUMMYFUNCTION("""COMPUTED_VALUE"""),"FITA ADESIVA 69MM X 100M") -> FITA ADESIVA 69MM X 100M | E174: 8 | G174: CIQ | H174: @Yago Rocha Fernandes | I174: Uso no setor. | J174: Saída
A175: 46107 | B175: MCC015UC0008 FILME STRETCH 500X25 | C175: =IFERROR(__xludf.DUMMYFUNCTION("""COMPUTED_VALUE"""),"MCC015UC0008") -> MCC015UC0008 | D175: =IFERROR(__xludf.DUMMYFUNCTION("""COMPUTED_VALUE"""),"FILME STRETCH 500X25") -> FILME STRETCH 500X25 | E175: 90 | G175: Recebimento | H175: @Allison Breno Da Costa Borges Soares | I175: ----------------------- | J175: Saída
A176: 46107 | B176: MCC049UC0600 FITA ADESIVA P/ CACHORRO PERSONALIZADA | C176: =IFERROR(__xludf.DUMMYFUNCTION("""COMPUTED_VALUE"""),"MCC049UC0600") -> MCC049UC0600 | D176: =IFERROR(__xludf.DUMMYFUNCTION("""COMPUTED_VALUE"""),"FITA ADESIVA P/ CACHORRO PERSONALIZADA") -> FITA ADESIVA P/ CACHORRO PERSONALIZADA | E176: 8 | G176: Expedição | H176: @Ana Virginia De Castro Costa | I176: expedição | J176: Saída
A177: 46108 | B177: MCC046UC0598 ETIQUETA ADESIVA COUCHE AZUL - 105X150MM SAS | C177: =IFERROR(__xludf.DUMMYFUNCTION("""COMPUTED_VALUE"""),"MCC046UC0598") -> MCC046UC0598 | D177: =IFERROR(__xludf.DUMMYFUNCTION("""COMPUTED_VALUE"""),"ETIQUETA ADESIVA COUCHE AZUL - 105X150MM SAS") -> ETIQUETA ADESIVA COUCHE AZUL - 105X150MM SAS | E177: 2 | G177: PMM | H177: @Jose Antoniel Silva Mesquita | I177: acabou aqui no PMM | J177: Saída
A178: 46108 | B178: MCC015UC0045 FITA ADESIVA 69MM X 100M | C178: =IFERROR(__xludf.DUMMYFUNCTION("""COMPUTED_VALUE"""),"MCC015UC0045") -> MCC015UC0045 | D178: =IFERROR(__xludf.DUMMYFUNCTION("""COMPUTED_VALUE"""),"FITA ADESIVA 69MM X 100M") -> FITA ADESIVA 69MM X 100M | E178: 24 | G178: Expedição | H178: @Philipe Araujo Barroso | I178: Abastecimento expedição. | J178: Saída
A179: 46108 | B179: MCC015UC0008 FILME STRETCH 500X25 | C179: =IFERROR(__xludf.DUMMYFUNCTION("""COMPUTED_VALUE"""),"MCC015UC0008") -> MCC015UC0008 | D179: =IFERROR(__xludf.DUMMYFUNCTION("""COMPUTED_VALUE"""),"FILME STRETCH 500X25") -> FILME STRETCH 500X25 | E179: 38 | G179: Estoque | H179: @Rodrigo Aragao Goncalves | I179: Espalhado no estoque para fácil acesso e agilidade na operação. | J179: Saída
A180: 46111 | B180: MCC015UC0008 FILME STRETCH 500X25 | C180: =IFERROR(__xludf.DUMMYFUNCTION("""COMPUTED_VALUE"""),"MCC015UC0008") -> MCC015UC0008 | D180: =IFERROR(__xludf.DUMMYFUNCTION("""COMPUTED_VALUE"""),"FILME STRETCH 500X25") -> FILME STRETCH 500X25 | E180: 4 | G180: Expedição | H180: @Philipe Araujo Barroso | I180: Organização do PDV | J180: Saída
A181: 46118 | B181: MCC015UC0045 FITA ADESIVA 69MM X 100M | C181: =IFERROR(__xludf.DUMMYFUNCTION("""COMPUTED_VALUE"""),"MCC015UC0045") -> MCC015UC0045 | D181: =IFERROR(__xludf.DUMMYFUNCTION("""COMPUTED_VALUE"""),"FITA ADESIVA 69MM X 100M") -> FITA ADESIVA 69MM X 100M | E181: 5 | G181: Recebimento | H181: @Matheus De Almeida Rodrigues | I181: UTILIZAÇÃO NO RECEBIMENTO SAE | J181: Saída
A182: 46119 | B182: MCC046UC0687 ETIQUETA COUCHE - 100X100X 1 | C182: =IFERROR(__xludf.DUMMYFUNCTION("""COMPUTED_VALUE"""),"MCC046UC0687") -> MCC046UC0687 | D182: =IFERROR(__xludf.DUMMYFUNCTION("""COMPUTED_VALUE"""),"ETIQUETA COUCHE - 100X100X 1") -> ETIQUETA COUCHE - 100X100X 1 | E182: 10 | G182: Expedição | H182: @Daniele Paulo Marques | I182: Faturamento | J182: Saída
A183: 46119 | B183: MCC046UC0082 PAPEL SULFITE A4 75G 500 FOLHAS | C183: =IFERROR(__xludf.DUMMYFUNCTION("""COMPUTED_VALUE"""),"MCC046UC0082") -> MCC046UC0082 | D183: =IFERROR(__xludf.DUMMYFUNCTION("""COMPUTED_VALUE"""),"PAPEL SULFITE A4 75G 500 FOLHAS") -> PAPEL SULFITE A4 75G 500 FOLHAS | E183: 10 | G183: Expedição | H183: @Daniele Paulo Marques | I183: Faturamento | J183: Saída
A184: 46120 | B184: MCC046UC0695 ETIQUETA COUCHE 98X50X1 | C184: =IFERROR(__xludf.DUMMYFUNCTION("""COMPUTED_VALUE"""),"MCC046UC0695") -> MCC046UC0695 | D184: =IFERROR(__xludf.DUMMYFUNCTION("""COMPUTED_VALUE"""),"ETIQUETA COUCHE 98X50X1") -> ETIQUETA COUCHE 98X50X1 | E184: 30 | G184: Recebimento | H184: @Allison Breno Da Costa Borges Soares | I184: ------------------------------- | J184: Saída
A185: 46120 | B185: MCC046UC0525 CANETA PINCEL ATOMICO AZUL PILOT 1100 | C185: =IFERROR(__xludf.DUMMYFUNCTION("""COMPUTED_VALUE"""),"MCC046UC0525") -> MCC046UC0525 | D185: =IFERROR(__xludf.DUMMYFUNCTION("""COMPUTED_VALUE"""),"CANETA PINCEL ATOMICO AZUL PILOT 1100") -> CANETA PINCEL ATOMICO AZUL PILOT 1100 | E185: 1 | G185: PMM | H185: @Jose Antoniel Silva Mesquita | I185: para uso do PMM | J185: Saída
A186: 46120 | B186: MCC046UC0526 CANETA PINCEL ATOMICO PRETA PILOT 1100 | C186: =IFERROR(__xludf.DUMMYFUNCTION("""COMPUTED_VALUE"""),"MCC046UC0526") -> MCC046UC0526 | D186: =IFERROR(__xludf.DUMMYFUNCTION("""COMPUTED_VALUE"""),"CANETA PINCEL ATOMICO PRETA PILOT 1100") -> CANETA PINCEL ATOMICO PRETA PILOT 1100 | E186: 1 | G186: PMM | H186: @Jose Antoniel Silva Mesquita | I186: para uso do PMM | J186: Saída
...

Sheet Cópia de ReserveInventoryCBESfr
A1: CÓDIGO | B1: ITEM | C1: QTD | D1: CHECK
A2: MCC049UC0607 | B2: PAPEL A3 RESMA COM 500 FLS | C2: 10 | D2: OK
A3: MCC046UC0668 | B3: ETIQUETA ADESIVA COUCHE CINZA 100X150X1 | C3: 118 | D3: OK
A4: MCC046UC0082 | B4: PAPEL SULFITE A4 75G 500 FOLHAS | C4: 34 | D4: ok
A5: EMC015MO0001 | B5: RIBBON CERA PRETO 110MMX300M | C5: 211 | D5: OK
A6: MCC015UC0047 | B6: ETIQUETA CORTESIA | C6: 61 | D6: OK
A7: MCC046C00003 | B7: ETIQUETA 70MM AVALIACAO | C7: 1 | D7: OK
A8: MCC046UC0599 | B8: ETIQUETA ADESIVA COUCHE AMARELA - 105X150MM SAS | C8: 36 | D8: OK
A9: MCC015UC0038 | B9: BOBINA SHRINK 500MM | C9: 6 | D9: ok
A10: MCC015UC0033 | B10: FITA DE ARQUEAR PET VERDE 16MM X 0,8MM C/ 13KG | C10: 14 | D10: -
A11: MCC046UC0659 | B11: ETIQUETA 70MM PROFESSOR | C11: 26 | D11: OK
A12: MCC046UC0658 | B12: ETIQUETA ADESIVA COUCHE LARANJA 100X150X1 | C12: 27 | D12: -
A13: MCC049UC0288 | B13: FITILHO POLIPROPILENO P/EMBALAGEM | C13: 38 | D13: OK
... A26: MCC046UC0048 | B26: PAPEL MACULATURA GROSSO - KRAFT - 1,20CM | C26: 3 | D26: OK
A27: MCC046UC0398 | B27: GRAMPO 26/6 COBREADO CX.C/5000 BACCHI
A28: MCC049UC0610 | B28: GRAMPO PISTOLA ROCAMA 106/8 CX 5.000 UN
A29: MCC046UC0674 | B29: CLIPS 6/0
A30: MCC046UC0052 | B30: CLIPS 8/0
A31: MCC049UC0606 | B31: FITA DE DEMARCAÇÃO BRANCA
A32: MCC049UC0605 | B32: FITA DE DEMARCAÇAO VERMELHA
A33: MCC049UC0604 | B33: FITA DE DEMARCAÇÃO AMARELA
A34: MCC049UC0608 | B34: FITA DE DEMARCAÇÃO VERDE
A35: MCC049UC0602 | B35: PLASTICO PLASTIF. A3 C/100 UN PROLAM
A36: MCC049UC0603 | B36: PLASTICO PLASTIF. A-4 220/307 C/100 UN PROLAM
A37: MCC046UC0210 | B37: CALCULADORA MESA 12 DIGITOS ZT 712 ZETA
A38: MCC046UC0216 | B38: CANETA ESFEROGRAFICA ECONOMIC PRETA BIC
... A62: MCC046UC0540 | B62: POST-IT 653 C/4 BL 38X50MM VERDE/ROSA 100FLS 3M
A63: 30000107 | B63: CAIXA 7
A64: 30000108 | B64: CAIXA 8
A65: 30000109 | B65: CAIXA EMB PAPELÃO CV 295X255X70
A66: 30000110 | B66: CAIXA EMB PAPELÃO CV 375X285X70
A67: 30000101 | B67: CAIXA EMB PAPELÃO TF 285X215X280
A68: 30000103 | B68: CAIXA EMB PAPELÃO TF 290X280X280
A69: 30000104 | B69: CAIXA EMB PAPELÃO TF 345X290X280
A70: 30000102 | B70: CAIXA EMB PAPELÃO TF 290X250X280

Sheet Calendário 
A1: Data
A2: 45839
A3: 45840
A4: 45841
A5: 45842
A6: 45843
A7: 45844
A8: 45845
A9: 45846
A10: 45847
A11: 45848
A12: 45849
A13: 45850
... A550: 46387
